artist_name,track_name,track_id,popularity,danceability,energy,loudness,speechiness,acousticness,instrumentalness,valence,tempo
Future,Life Is Good (feat. Drake),5yY9lUy8nbvjM1Uyo1Uqoc,95,0.676,0.609,-5.831,0.481,0.0706,0,0.508,142.037
Lil Uzi Vert,That Way,5raTDhlbxFDnpn89bxArdH,86,0.719,0.611,-5.01,0.0403,0.0582,0,0.489,129.962
Lil Uzi Vert,Baby Pluto,7hav1MHURQf5SAoPk0egqh,85,0.772,0.634,-6.101,0.212,0.135,0,0.671,160.052
Lil Mosey,Blueberry Faygo,6wJYhPfqk3KGhHRG76WzOh,90,0.774,0.554,-7.909,0.0383,0.207,0,0.349,99.034
Eminem,Godzilla (feat. Juice WRLD),7FIWs0pqAYbP91WWM0vlTQ,94,0.808,0.745,-5.26,0.342,0.145,0,0.829,165.995
Lil Uzi Vert,Lo Mein,6CUP2khYzdphXebxVTfPE3,83,0.855,0.676,-5.736,0.325,0.0888,0,0.509,133.081
Lil Uzi Vert,P2,3kW4z2pIj5VY5fLjBrMRL5,84,0.775,0.72,-5.353,0.193,0.0236,0,0.49,155.086
Lil Uzi Vert,Silly Watch,5egD7A5x9AHdVO2fMo3Wbo,83,0.903,0.535,-6.238,0.286,0.0296,0,0.157,130.117
Lil Uzi Vert,Homecoming,6vxU64pcIuQ38O015Zy4qj,81,0.929,0.563,-7.428,0.49,0.000592,0,0.354,129.957
Jack Harlow,WHATS POPPIN,3Q6F8RByyhRTJpRtZLY3cg,88,0.923,0.604,-6.671,0.245,0.017,0,0.826,145.062
Lil Uzi Vert,Prices,4YcWzLSnGqLjSCycuSMHnn,81,0.786,0.684,-5.397,0.205,0.172,0,0.563,126.002
Bad Bunny,La Difícil,6NfrH0ANGmgBXyxgV2PeXt,92,0.685,0.848,-4.561,0.0858,0.0861,7.14E-06,0.761,179.87
Lil Uzi Vert,I'm Sorry,1xcOYJxDa5pObgxY1r0I9c,81,0.858,0.547,-5.822,0.29,0.213,0,0.304,128.02
Lil Uzi Vert,POP,1jDbQz6tr52WgScCTXMnaN,80,0.742,0.6,-6.668,0.418,0.00948,0,0.272,139.888
Lil Uzi Vert,Celebration Station,25B5fGr9K0VdZJiRFsnMO4,80,0.748,0.771,-4.156,0.15,0.101,0,0.792,142.087
Lil Uzi Vert,Bigger Than Life,2oHDJHNondITqbl8xZ9vPn,80,0.776,0.752,-4.711,0.194,0.325,0,0.716,140.008
Lil Uzi Vert,Venetia,3BYIzNZ3t9lRQCACXSMLrT,80,0.775,0.757,-4.139,0.202,0.162,0,0.557,142.933
Lil Uzi Vert,You Better Move,6YAxCn4juTWn5hWl2hzHGw,80,0.842,0.556,-6.793,0.442,0.159,0,0.306,118.836
The Weeknd,After Hours,4ejyZ4uJEXUURcgKp1kP8v,91,0.663,0.567,-5.941,0.0309,0.0938,0.00978,0.139,108.959
Lil Uzi Vert,Chrome Heart Tags,46mT9NR7N9Zf5MolcrBgE3,79,0.703,0.768,-4.055,0.0655,0.541,0,0.572,70.055
Lil Baby,Heatin Up (feat. Gunna),7KSSdFCBHCfq4KPzz78ghk,82,0.788,0.436,-9.435,0.364,0.0611,0,0.341,129.847
Justin Bieber,Intentions,364dI1bYnvamSnBJ8JcNzN,92,0.811,0.553,-6.644,0.0552,0.317,0,0.86,148.014
Lil Uzi Vert,Bust Me,4wBcaYqLPm7EtDVoJQORU4,78,0.736,0.703,-6.256,0.364,0.237,1.88E-06,0.614,151.886
Lil Uzi Vert,Secure The Bag,7gHZGXSJzM29WA384suYY2,77,0.803,0.719,-4.485,0.393,0.344,0,0.549,129.937
Bad Bunny,La Santa,69vlMrzHwATKzupwNcUPyK,89,0.744,0.868,-4.524,0.047,0.0326,0,0.586,93.037
Lil Uzi Vert,That Way - Bonus Track,2ajzBr7vwHTEBeqDzcsNRC,77,0.712,0.599,-5.368,0.0388,0.0554,0,0.503,130.007
Lil Uzi Vert,Urgency (feat. Syd),5KlPy74NOEAt8jC3FYURnQ,77,0.619,0.784,-6.109,0.123,0.0329,2.87E-06,0.471,156.036
Lil Uzi Vert,Futsal Shuffle 2020 - Bonus Track,2fOlBMkWR7lXJfqp5VTbDG,76,0.879,0.448,-8.57,0.221,0.0341,0,0.279,136.988
Lil Baby,Live Off My Closet (feat. Future),6AyWdCtEn1DdxjnxPeojR2,79,0.807,0.678,-3.244,0.177,0.0345,0,0.21,147.004
Lil Baby,Commercial (feat. Lil Uzi Vert),3tDqEKKUs6gf8zMvSuLyLA,78,0.892,0.486,-8.637,0.384,0.048,0,0.535,120.998
Billie Eilish,No Time To Die,73SpzrcaHk0RQPFP73vqVR,93,0.38,0.219,-13.273,0.0358,0.917,0.0104,0.0517,73.537
Lil Baby,Emotionally Scarred,7ge7BHazYbVKi8qyZUX1Bm,76,0.585,0.641,-4.269,0.133,0.0286,0,0.266,88.284
Bad Bunny,P FKN R,0fgsKar6uBO08vzHXkTjWi,82,0.82,0.635,-5.749,0.0772,0.409,0,0.528,101.024
Lil Baby,Grace (feat. 42 Dugg),01JMnRUs2YOK6DDpdQASGY,74,0.817,0.513,-6.263,0.394,0.38,0,0.177,123.029
Bad Bunny,<3,4MZSqgwlE71CWZ6qQ3gkKm,83,0.631,0.665,-7.589,0.229,0.602,1.70E-06,0.634,80.353
Powfu,death bed (feat. beabadoobee),7eJMfftS33KTjuF7lTsMCx,90,0.726,0.431,-8.765,0.135,0.731,0,0.348,144.026
Bad Bunny,Hablamos Mañana,1V8XneTrX6kKeoxYbk4x6h,83,0.683,0.677,-4.496,0.0469,0.0869,0,0.514,156.019
Bad Bunny,Puesto Pa' Guerrial,5gCg2qMPzKkW4jS4dBKdDs,81,0.867,0.686,-5.342,0.221,0.311,0,0.658,139.968
Polo G,Go Stupid,74fV8TuLZKVzSIOOGu8wwI,84,0.92,0.833,-3.18,0.253,0.0277,0,0.645,141.033
Lil Baby,No Sucker (feat. Moneybagg Yo),6A9wHAasMxed0firnDao1K,73,0.9,0.846,-4.884,0.224,0.025,0,0.851,129.966
Lil Baby,Get Ugly,20Yz5dzjdTCVjXte9KrJbi,73,0.681,0.414,-6.944,0.223,0.177,0,0.0734,148.03
Lil Baby,Woah,02RCbjb9czvQKNGBmEmWob,73,0.883,0.599,-5.551,0.248,0.0177,0,0.413,142.976
Lil Baby,Forever (feat. Lil Wayne),3EVzllf30zIBAtKb75bs1W,73,0.619,0.668,-2.115,0.271,0.0799,0,0.147,76.514
Lil Baby,How,2b7rt5gCEy2p2zTp656s4U,73,0.582,0.488,-8.208,0.455,0.00168,0,0.309,80.322
A Boogie Wit da Hoodie,"Numbers (feat. Roddy Ricch, Gunna and London On Da Track)",733c1CWmIGymoQXdp7Us88,84,0.819,0.654,-6.665,0.136,0.517,0,0.455,133.503
Lil Baby,Same Thing,2XEsbmynS9dLSzNSuZzfXF,73,0.902,0.85,-6.39,0.358,0.0389,0,0.556,120.132
Lil Baby,Sum 2 Prove,5f4Hy5mw5SRaUgXX9c6P5S,72,0.827,0.552,-7.571,0.274,0.0169,0,0.408,124.011
Lil Baby,We Should (feat. Young Thug),5ixKkLQSriCQakDWbdW8qD,72,0.562,0.604,-7.498,0.197,0.326,0,0.562,83.355
Justin Bieber,Yummy,41L3O37CECZt3N7ziG2z7l,93,0.687,0.514,-6.612,0.0897,0.366,0,0.494,145.921
Lil Baby,Can't Explain,3PSUg0M68bXMb8vQJIPMZO,70,0.642,0.372,-10.201,0.582,0.0365,0,0.119,160.009
Lil Baby,Consistent,7euzAmn980JdEcYbIeWHtB,70,0.817,0.439,-7.635,0.505,0.00434,0,0.214,149.967
Lil Baby,Forget That (feat. Rylo Rodriguez),7wxl36fAGU3Afv87ZblUwg,70,0.897,0.574,-8.017,0.406,0.0498,6.38E-06,0.769,150.085
Lil Baby,"Catch The Sun - From ""Queen & Slim: The Soundtrack""",7Fos4vYGRc7HYzzrKCEzAE,70,0.466,0.653,-6.679,0.123,0.116,0,0.112,82.463
Lil Baby,Gang Signs,1nX1wW2WuCEnc2eDOBOaFd,69,0.82,0.793,-5.77,0.0975,0.0145,0,0.531,85.009
Lil Baby,Hurtin,1sMalYr4ASm3kOr3K9JEh6,68,0.804,0.422,-8.788,0.35,0.0624,1.41E-06,0.157,93.871
Lil Baby,Solid,3Zb5xLEfPAyqvjHzCVOSXX,68,0.825,0.589,-6.875,0.451,0.0166,1.53E-06,0.339,156.037
Lady Gaga,Stupid Love,2kJu14V7hbZw3I4K8L8SXb,89,0.676,0.815,-4.294,0.0625,0.00146,0.00041,0.796,117.973
Jonas Brothers,What A Man Gotta Do,4wNIkl5XGiAACjFBlDWuSd,89,0.852,0.698,-7.206,0.0629,0.00839,1.03E-06,0.324,113.039
Khalid,Know Your Worth,0TrPqhAMoaKUFLR7iYDokf,87,0.79,0.694,-7.726,0.0708,0.145,0.00252,0.508,103.007
Selena Gomez,Lose You To Love Me,4l0Mvzj72xxOpRrp6h8nHi,89,0.488,0.343,-8.985,0.0436,0.556,0,0.0978,102.819
Sam Smith,To Die For,2ZTYlnhhV1UAReg7wIGolx,88,0.483,0.361,-7.889,0.0738,0.832,4.66E-06,0.307,171.649
Dua Lipa,Physical,5px6upUHM3fhOP621Edp4V,91,0.647,0.844,-3.756,0.0457,0.0137,0.000658,0.746,146.962
Future,"Life Is Good (feat. Drake, DaBaby & Lil Baby) - Remix",4iiWcajF1fEUpwcUewc464,82,0.81,0.566,-8.33,0.433,0.107,0,0.582,142.069
Ali Gatie,What If I Told You That I Love You,74D7JUfU6HYeMx4bZhsHnG,82,0.605,0.365,-11.144,0.111,0.63,6.83E-06,0.224,84.628
Mac Miller,Good News,1DWZUa5Mzf2BwzpHtgbHPY,81,0.794,0.32,-12.92,0.173,0.853,0.134,0.241,174.088
J Balvin,QUE PRETENDES,0xQEQ4Ktx2V0VKXM786Cw4,0,0.662,0.806,-4.376,0.277,0.0341,0,0.933,93.765
J Balvin,LA CANCIÓN,2MjX2LjcaDAIz0xvaVsbA8,0,0.734,0.667,-5.694,0.3,0.14,1.27E-05,0.451,176.018
blackbear,me & ur ghost,4yJiXq86uM56uIfIZgE440,84,0.755,0.631,-6.128,0.0261,0.0638,0,0.881,100.026
Selena Gomez,Rare,7HMmFQsKsljwTw8bS7lu19,87,0.838,0.545,-6.713,0.0706,0.208,8.01E-05,0.631,114.998
G-Eazy,Still Be Friends (feat. Tory Lanez & Tyga),0JjM9bKm4wrwohMslcm892,84,0.803,0.759,-4.692,0.0494,0.00509,0,0.284,104
BTS,ON,2QyuXBcV1LJ2rq01KhreMF,87,0.583,0.817,-5.146,0.0987,0.118,0,0.438,105.936
Jhené Aiko,B.S. (feat. H.E.R.),63wx9vdskaXbYxyDx4oJCZ,76,0.617,0.525,-10.426,0.12,0.554,1.10E-06,0.377,135.781
Joji,Run,6p8eEdiZLKJH8tcjGZuNTK,83,0.447,0.72,-3.954,0.0332,0.0416,0.000297,0.362,157.892
G Herbo,PTSD,3jT2LKH0RSbQ8jIUNFzXm5,79,0.883,0.808,-3.158,0.183,0.0317,0,0.805,119.012
Mac Miller,Blue World,2hwOoMtWPtTSSn6WHV7Vp5,80,0.742,0.553,-8.98,0.419,0.389,0,0.508,84.931
Tory Lanez,Broke In A Minute,2ZrAjMSmlbDIil0JaVgTHh,80,0.929,0.7,-5.595,0.0906,0.144,0,0.802,120.009
BTS,ON (Feat. Sia),3IB5qOeMayvpOdHxYCL5tZ,86,0.591,0.848,-4.397,0.0828,0.137,0,0.386,105.922
Selena Gomez,Feel Me,6XXYdF6pJR1K3wKvuxmu7n,85,0.71,0.808,-6.703,0.0433,0.44,0.000773,0.392,99.989
Khalid,Eleven,1ToprX3cpBiXoAe5eNSk74,83,0.701,0.396,-10.182,0.119,0.112,0.0209,0.115,129.004
Nicki Minaj,Yikes,75dLEqanQTupF3dtP9exT5,80,0.911,0.637,-8.381,0.447,0.0409,3.68E-05,0.66,149.996
Niall Horan,No Judgement,5IUOU5xkzGHsRFOYNu3GSK,84,0.723,0.726,-3.835,0.0472,0.0564,0.000126,0.962,100.051
Gunna,SKYBOX,604JscnWY4wNi97NWbGflF,60,0.77,0.702,-6.631,0.21,0.0918,0,0.304,140.97
A Boogie Wit da Hoodie,Me and My Guitar,6cZH4rX1KTt1aJ3Ql6Ynja,78,0.644,0.587,-6.736,0.353,0.473,0,0.68,173.972
Demi Lovato,I Love Me,2IHLaN6wwYKQ3S24NsQqpA,82,0.664,0.561,-7.031,0.0495,0.00261,0,0.713,150.093
Swae Lee,Someone Said,5awaEIMiJboRO7ycF6UOot,78,0.904,0.492,-9.657,0.155,0.00119,0.364,0.257,149.982
Jhené Aiko,P*$$Y Fairy (OTW),48KXAIruJ07kJVCWOGohMV,79,0.572,0.519,-7.092,0.212,0.536,0,0.35,128.331
Jhené Aiko,Happiness Over Everything (H.O.E.) (feat. Future & Miguel),3Wol2exesJNRrj6hGZ6R8s,73,0.518,0.702,-6.91,0.208,0.128,0,0.878,134.965
Stunna 4 Vegas,UP THE SMOKE (with Offset),3faAAUxohrxqYhPlneZ3XV,78,0.899,0.735,-7.719,0.4,0.0506,0,0.884,143.001
Moneybagg Yo,U Played (feat. Lil Baby),7qeWNGBqqagdwf4KnjRzGZ,77,0.874,0.847,-3.574,0.233,0.00341,0,0.881,134.965
Russ,BEST ON EARTH (feat. BIA) - Bonus,0xKBkLcF71uUQeTA7FSu4A,78,0.846,0.748,-3.512,0.078,0.188,0,0.597,90.006
NLE Choppa,100 Shots,1eto1iY3lVWyJhejV6Mi6J,72,0.832,0.591,-7.665,0.408,0.154,2.75E-05,0.297,140.081
Migos,Give No Fxk,6ZelF5APDN5r6XnFqcnvWR,80,0.904,0.627,-5.608,0.222,0.0303,5.68E-06,0.236,145.976
A Boogie Wit da Hoodie,Might Not Give Up (feat. Young Thug),4l2rsMfr20dj6nf6i6F3Y8,78,0.687,0.592,-6.378,0.224,0.203,0,0.246,178.83
Pop Smoke,Dior (with Gunna) - Remix,5R9k9x85lAYbamdUoKAJvj,78,0.73,0.816,-5.402,0.304,0.177,1.23E-05,0.803,142.054
Jhené Aiko,Speak,6ffCTLnwgOBNv09A9UCRl9,69,0.341,0.368,-9.637,0.0311,0.34,0,0.28,89.624
J Balvin,Morado,3mQ6SLdxxaL52Yte7KF2Ks,90,0.881,0.696,-3.838,0.0797,0.137,4.13E-05,0.781,97.002
Daddy Yankee,Que Tire Pa Lante,374NAPCOiQpQRuXXXNgYwp,0,0.658,0.901,-2.814,0.0357,0.0478,0,0.708,93.979
Daddy Yankee,Caliente,6Q5qSao4cdCwtQcPZhh3gz,0,0.801,0.903,-5.058,0.236,0.0484,0,0.957,103.61
Jhené Aiko,None Of Your Concern (feat. Big Sean),75MSZRbAbQuzfUV3Pefvut,68,0.437,0.517,-9.329,0.225,0.856,0,0.373,82.757
Doja Cat,Boss Bitch,78qd8dvwea0Gosb6Fe6j3k,83,0.707,0.955,-4.593,0.222,0.127,0,0.575,125.989
Jhené Aiko,One Way St. (feat. Ab-Soul),00FmWWD8FpB1Ph6nPPw1bC,68,0.384,0.598,-8.216,0.153,0.168,0,0.365,82.455
Jhené Aiko,Tryna Smoke,4CqSF73VXQcpDTXsCy97CV,68,0.644,0.451,-11.079,0.154,0.39,4.17E-05,0.779,149.854
BTS,Filter,0ono6UCNVZ1XqOm6j78Blu,83,0.781,0.762,-5.188,0.0626,0.0222,0,0.86,110.042
Jhené Aiko,10k Hours (feat. Nas),71qTg1coMAqpmwIlVVayoV,68,0.663,0.41,-9.589,0.367,0.885,0.000667,0.324,89.113
Jhené Aiko,Triggered (freestyle),3zPgAKn5tbmCuCKrR3r7qE,68,0.485,0.389,-10.765,0.298,0.799,0,0.391,93.175
Megan Thee Stallion,B.I.T.C.H.,06scTb0zbkxYNgpAB3J9fN,76,0.742,0.731,-4.362,0.306,0.0851,0,0.547,174.019
Jhené Aiko,Born Tired,1IccfvDqh1CGWNdMThjycb,68,0.511,0.312,-10.424,0.0412,0.572,0,0.267,113.771
Jhené Aiko,Surrender (feat. Dr. Chill),1vPw8XDPJLMmIaQGHYQ7Pp,67,0.534,0.464,-10.209,0.0426,0.623,0.000244,0.119,134.568
Eminem,Those Kinda Nights (feat. Ed Sheeran),0VSzREd1OjEWJ9tXoFHRQH,82,0.794,0.637,-6.29,0.339,0.028,0,0.393,103.868
Jhené Aiko,Lightning & Thunder (feat. John Legend),68q4iNShG47zCF2LBlkybk,67,0.272,0.358,-11.231,0.0442,0.503,1.06E-05,0.281,82.047
The Kid LAROI,Diva (feat. Lil Tecca),7gVwgc8b3XnO87TpmXXFA5,79,0.686,0.703,-6.141,0.0606,0.00728,0,0.457,144.902
Pop Smoke,Shake The Room (feat. Quavo),7rSnKi58HPIVC0FVyh04Q1,79,0.733,0.684,-4.748,0.177,0.142,0,0.437,142.04
Jhené Aiko,Pray For You,3JHQY6VnwmUMuYb0XI2O7Y,67,0.525,0.478,-11.203,0.441,0.787,6.14E-06,0.276,147.741
BTS,Black Swan,24NuEDgyRIljwSyY0lsr7b,84,0.719,0.758,-5.167,0.0851,0.137,0,0.49,147.023
YoungBoy Never Broke Again,Red Eye,3qHgGyJY4GpXNOK4WL4NSo,75,0.485,0.814,-3.907,0.138,0.217,0,0.327,159.894
Anuel AA,Keii,5eEQCfq7MXQr6aHLNRUZLs,88,0.708,0.797,-3.095,0.0391,0.4,0,0.51,88.015
Jhené Aiko,Lotus - intro,1aWBNkWrY3VA2eeV6ljGQf,67,0.48,0.274,-17.702,0.316,0.914,0,0.547,94.539
Jhené Aiko,Define Me - interlude,1lXhfXGzzU2kFlGhaalfjF,66,0.529,0.0956,-19.221,0.0528,0.949,7.25E-05,0.551,106.029
Jhené Aiko,LOVE,6KtnTQVGjWlGDFAuThCTYk,66,0.362,0.466,-8.161,0.0858,0.0663,1.13E-05,0.339,83.944
Tame Impala,Breathe Deeper,3LbZIhU0smEU5SUnxod4j4,79,0.664,0.848,-4.51,0.0322,0.0245,0.000127,0.502,104.998
BTS,My Time,4vTgx6h4seHvkuFh84JXYP,82,0.674,0.64,-5.139,0.0339,0.151,0,0.664,99.908
Mac Miller,Circles,4jXl6VtkFFKIt3ycUQc5LT,78,0.61,0.0316,-15.186,0.0486,0.896,0.00461,0.37,151.964
Joyner Lucas,Revenge,43mwjiAXLMqkOv4vtlNweU,78,0.844,0.574,-4.886,0.382,0.306,0,0.476,158.047
5 Seconds of Summer,Old Me,5RUUkFNqH3GRKHg1xjprOb,82,0.721,0.621,-3.639,0.0483,0.304,0,0.473,127.976
Megan Thee Stallion,Captain Hook,1E3VQQWFQAPJkXfYHjqWoI,73,0.863,0.633,-5.002,0.287,0.0118,0,0.545,163.991
Eminem,"You Gon’ Learn (feat. Royce Da 5'9"" & White Gold)",0GQ5bFTVFFKpwNPc7KwQnB,80,0.68,0.82,-4.197,0.151,0.0614,0,0.243,140.033
BTS,UGH!,1aKuG1GG76xPLUkjBbQo3W,81,0.72,0.824,-5.086,0.128,0.0394,0,0.333,165.998
Lil Skies,Havin My Way (feat. Lil Durk),0oH0OIeKJSAT5bdFkbz20A,73,0.802,0.737,-4.862,0.0757,0.275,0,0.712,127.014
Bankrol Hayden,Costa Rica,2iObjOsy2vpsariW4Y7hQg,78,0.9,0.482,-8.98,0.421,0.201,0,0.68,127.866
Taylor Swift,Only The Young - Featured in Miss Americana,2slqvGLwzZZYsT4K4Y1GBC,81,0.56,0.78,-4.895,0.0517,0.00244,0,0.602,93.516
H.E.R.,"Slide (Remix) (feat. Pop Smoke, A Boogie Wit da Hoodie & Chris Brown)",6MO2bfLHKykUgCChFdw91H,77,0.815,0.513,-8.363,0.244,0.0145,0.000102,0.17,96.982
Eminem,Unaccommodating (feat. Young M.A),0q2vG0UVuy6ajjcpkQHdZM,79,0.852,0.752,-5.793,0.0597,0.0169,0,0.389,89.95
Lil Tjay,20/20,4Hqh0dS4x07zuRw6eBTO7p,77,0.886,0.336,-12.779,0.239,0.557,0,0.536,100.044
Eminem,Darkness,5SiZJoLXp3WOl3J4C8IK0d,80,0.671,0.623,-7.161,0.308,0.00998,7.55E-06,0.195,75.055
BTS,Louder than bombs,3op7HNwLli54MBjFGzIlZO,82,0.643,0.667,-6.993,0.152,0.0433,0,0.485,145.999
Bazzi,Young & Alive,5RsKelNxucrDxgMbZ3vd3W,75,0.716,0.563,-5.486,0.0425,0.326,0,0.495,86.005
AJR,Bang!,53BHUFdQphHiZUUG3nx9zn,72,0.74,0.516,-6.233,0.0507,0.0183,0,0.698,139.918
Shakira,Me Gusta,5Xhqh4lwJPtMUTsdBztN1a,88,0.775,0.696,-5.184,0.0681,0.0559,0.00184,0.775,92.007
Mac Miller,Hand Me Downs,2Yv2mHzr5AQavVdwQjEokV,76,0.677,0.33,-11.198,0.149,0.474,0.000871,0.336,68.985
YoungBoy Never Broke Again,Lil Top,1aMokXl3uKDvCh4BBcjFOA,73,0.708,0.654,-6.76,0.369,0.0556,0,0.697,168.032
BTS,00:00 (Zero O’Clock),4AlihYDqxXshKhvh5tnMfP,81,0.566,0.548,-6.456,0.0579,0.0802,0,0.196,157.999
Dustin Lynch,Ridin’ Roads,2VPmBOuy7ZAOFSzKwW2IEt,74,0.547,0.817,-4.255,0.0448,0.0986,0,0.592,142.118
Chase Rice,Lonely If You Are,5TI10v8sy9VPp5YhVRVK1f,74,0.681,0.726,-5.1,0.0453,0.162,0,0.819,84.98
A Boogie Wit da Hoodie,Stain (feat. DaBaby),0dIz1I7IwX5ardG47AHxCZ,75,0.816,0.754,-3.911,0.389,0.0117,0,0.604,159.073
YNW Melly,Suicidal (Remix) [feat. Juice WRLD],4S2uhQE8L9V6p7rj7SiauJ,0,0.655,0.441,-5.245,0.0629,0.474,0,0.273,139.957
Jeremy Zucker,not ur friend,5T9S5x5hEOvgGKWysm683a,75,0.802,0.272,-10.563,0.412,0.309,0,0.669,68.969
5 Seconds of Summer,No Shame,5JSVa5i6lFPoyOzK4gj0Ox,80,0.576,0.815,-3.125,0.0361,0.0186,2.07E-06,0.445,90.972
BTS,We are Bulletproof : the Eternal,44WLOqH7QayQOQdeUHeKUK,81,0.526,0.575,-5.215,0.0309,0.225,0,0.19,84.047
BROCKHAMPTON,SUGAR (Remix) [feat. Dua Lipa],438wODjSTL2jgn1nePaNew,73,0.661,0.523,-5.902,0.0381,0.483,0,0.536,122.948
Nicky Jam,Muévelo,4VgYtXCVJ7IbWAZ5ryfvEQ,88,0.595,0.807,-2.409,0.0489,0.416,1.41E-05,0.919,188.081
Tame Impala,Borderline,5hM5arv9KDbCHS0k9uqwjr,77,0.621,0.873,-3.067,0.0369,0.0406,9.10E-06,0.873,97.96
Selena Gomez,Look At Her Now,7eOkHIcaoUhngxxypM5Ajr,81,0.753,0.564,-7.908,0.252,0.114,0.0273,0.55,77.342
Lil Yachty,Oprah’s Bank Account (Lil Yachty & DaBaby feat. Drake),7wsmIIm0xWmtP7TmACXkJn,70,0.836,0.617,-4.363,0.0534,0.17,0,0.866,138.065
Megan Thee Stallion,Savage,55CHeLEfn5iJ0IIkgaa4si,68,0.843,0.741,-5.609,0.334,0.0252,0,0.68,168.983
Carly Pearce,I Hope You’re Happy Now,0Al3wN3keprGTSgG8NBwjr,73,0.591,0.815,-4.725,0.0366,0.168,8.68E-06,0.306,118.024
BTS,Friends,7w05lsU2VLSeiT8Nukrv5M,81,0.55,0.747,-5.211,0.0407,0.0668,0,0.648,79.98
Mac Miller,Complicated,3WfSNAoj2D8C9noPSGZZFM,75,0.831,0.36,-8.073,0.052,0.136,0.00217,0.601,75.014
Maroon 5,Makes Me Wonder,1KWN3u3biwgo2ehX4vvzpt,0,0.795,0.865,-3.038,0.0368,0.00593,0.0002,0.859,114.001
Maroon 5,Sunday Morning,1MgwaRfvjTgNn3YKICO8ke,0,0.593,0.72,-6.469,0.0504,0.0842,0,0.815,88.054
Maroon 5,She Will Be Loved - Radio Mix,498hoPkJvU7Fbq0sv17HIq,0,0.7,0.71,-5.525,0.0295,0.0588,0,0.558,102.06
Breland,My Truck,1mpD5ioZ9479I6CuKxn3K9,75,0.883,0.299,-8.382,0.105,0.232,5.62E-06,0.551,136.985
Selena Gomez,Rare - Alexander 23 Edit,60xTyEfoVFgxmrKXb51dDi,67,0.529,0.378,-9.238,0.0384,0.6,1.51E-06,0.139,115.505
BTS,Inner Child,4BKOjYosPhw334moS3wlbO,80,0.589,0.696,-7.981,0.0725,0.017,0,0.332,134.953
Demi Lovato,Anyone,18ssFhD04lWo1RzpcohnrG,78,0.557,0.387,-6.338,0.0374,0.876,0,0.317,129.98
Mac Miller,Woods,3Qa944OTMZkg8DHjET8JQv,75,0.779,0.362,-10.847,0.0474,0.135,0.206,0.46,85.011
2 Chainz,NO TV,78KiqdSnQIGiJzOJRQMs8G,65,0.962,0.381,-9.194,0.546,0.0306,0,0.152,130.038
Lil Nas X,Rodeo - feat. Nas,7ikRId3U9AXd6tfF2fbItC,77,0.65,0.637,-6.195,0.0369,0.0814,0.000607,0.575,140.115
PARTYNEXTDOOR,LOYAL (feat. Drake and Bad Bunny) - Remix,6RbH4isVKIOg1OY1HvRqFc,77,0.877,0.529,-6.235,0.0461,0.479,0.00159,0.422,104.984
Jhay Cortez,Medusa,3qM0vBxIe4VUbK0Z0smuVP,85,0.886,0.604,-7.293,0.208,0.194,3.15E-06,0.383,98.023
BTS,Moon,1xfXXujIlLZAx5wpu46Nyk,80,0.703,0.646,-6.658,0.0596,0.0104,0,0.64,141.87
A Boogie Wit da Hoodie,King Of My City,3o0nkjyy6eZL5lZcEpvJec,74,0.48,0.679,-6.776,0.264,0.452,0,0.29,81.186
Eminem,Lock It Up (feat. Anderson .Paak),1qwMkkRiD5jqLeUUjfgblh,77,0.848,0.745,-3.052,0.221,0.0949,0,0.516,137.024
Polo G,First Place,5rSVQzJQ5nMUcFJDkJMfzL,74,0.656,0.566,-9.501,0.339,0.0125,0,0.563,137.215
Shawn Mendes,Don't Be A Fool,2Z5Zx0Oe9uLXN4z9M1yQSX,0,0.47,0.325,-6.054,0.0392,0.624,0,0.252,175.574
Shawn Mendes,Three Empty Words,5XWVPqqhXq2jzVJiLG0zqd,0,0.599,0.424,-9.818,0.0294,0.798,0,0.512,95.579
Mac Miller,I Can See,3R8CyhJfVjvgIROd5RSGhQ,74,0.699,0.503,-9.922,0.0882,0.391,0.0126,0.0546,114.86
A Boogie Wit da Hoodie,Thug Love,4MzhmCOgPB7xb87f1CXjlA,74,0.54,0.643,-4.707,0.288,0.428,0,0.328,178.125
Justin Bieber,Get Me,6zGPytJiZmFuyVq7RTNO9G,79,0.824,0.503,-6.94,0.156,0.05,5.25E-05,0.784,109.397
Tame Impala,Lost In Yesterday,5JWPUEov2wlX7c0jhYZpeB,77,0.569,0.84,-4.123,0.118,0.0295,0.000118,0.749,183.059
Megan Thee Stallion,Hit My Phone (feat. Kehlani),6DxQb1QXBymgaMBZJujxV2,66,0.831,0.627,-6.614,0.176,0.276,0,0.76,108.042
Trippie Redd,YELL OH,003VDDA7J3Xb2ZFlNx7nIZ,73,0.842,0.578,-6.05,0.138,0.00419,0,0.19,74.496
DaBaby,SHUT UP,3ekxXNSH4mgUnMprSnopls,74,0.871,0.555,-5.968,0.248,0.203,0,0.248,129.973
"Tyler, The Creator",BEST INTEREST,3jHdKaLCkuNEkWcLVmQPCX,74,0.596,0.575,-8.325,0.0514,0.0861,0.000153,0.34,98.265
Eminem,Leaving Heaven (feat. Skylar Grey),5CpsIb7SMFHjmAG8RvIWfq,78,0.661,0.748,-4.809,0.206,0.175,0,0.509,171.983
A Boogie Wit da Hoodie,Luv Is Art (feat. Lil Uzi Vert),0LVaWrTztFOuN7g7gcyLs8,73,0.489,0.554,-8.437,0.183,0.212,1.90E-06,0.331,86.584
Surfaces,Take It Easy,5Pgq1Gfeth2CuUhyCXwlfC,72,0.765,0.689,-5.616,0.0456,0.236,7.39E-06,0.497,144.958
Mac Miller,Surf,1kwnxJNVl7cwcU98RvMBaR,74,0.828,0.182,-13.066,0.166,0.754,0.0706,0.231,147.279
BTS,Interlude : Shadow,2Nib4r0saYQf2pUV4RFDhl,79,0.385,0.798,-6.439,0.483,0.115,0,0.141,149.756
Eminem,No Regrets (feat. Don Toliver),1lO9CZo6eDrOy0S7khgryG,77,0.756,0.747,-5.407,0.046,0.0048,0.00536,0.0687,134.935
Rich The Kid,Red,42wYsI2BUS9ABUnY9wZcGT,69,0.894,0.464,-6.618,0.371,0.175,0,0.583,81.084
BTS,Outro : Ego,3r9FFjLrAIQjoR8pSHVPC9,79,0.808,0.903,-3.106,0.0958,0.0121,0.000233,0.473,116.988
Rich The Kid,Money Talk,2YwC2IM0ykBxtMBH9aMe5m,73,0.8,0.631,-6.324,0.256,0.0308,0,0.627,154.984
Katy Perry,Never Worn White,3ksNHUNCTP6Pan8rjFnmtw,75,0.544,0.353,-7.275,0.0303,0.706,0,0.357,138.059
YoungBoy Never Broke Again,Knocked Off,7MYFKS7XpVz1JQDK38pr8N,71,0.752,0.653,-4.607,0.293,0.0647,0,0.569,165.046
Mac Miller,Everybody,1OuN92HcVG6NVpWbeESNB3,74,0.875,0.599,-9.077,0.138,0.0333,0.0143,0.112,152.061
J Balvin,Rojo,4uziEsK1yiqdauKVDPsmVG,86,0.652,0.595,-4.04,0.113,0.15,0.000115,0.444,172.27
Selena Gomez,Rare - Live From The Village Studio,2fVM2X8MHBmxMD9FLqjo4H,49,0.725,0.285,-8.234,0.0602,0.808,0,0.306,110.005
Megan Thee Stallion,Ain't Equal,29HQG5FmpUH5nWwHDF163B,64,0.848,0.847,-4.382,0.194,0.0497,0,0.447,100.022
Eminem,Marsh,34d7sGX6WUqq8f04e7CSNF,77,0.871,0.493,-6.356,0.205,0.0134,0.000241,0.0495,144.989
KYLE,YES! (feat. Rich The Kid & K CAMP),2tDrlnQWiCDis4H8RT0W2h,73,0.758,0.666,-8.086,0.14,0.0318,0.00405,0.699,162.083
Russ,CIVIL WAR - Bonus,0IUgswE9wJaY4QIQZEDTKe,75,0.923,0.597,-6.827,0.262,0.102,0,0.496,101.044
Megan Thee Stallion,Rich,0fdQue15BjCMA3ov14ubF4,63,0.963,0.799,-3.166,0.264,0.0246,0,0.965,104.016
Eminem,In Too Deep,7Dj2wqPYXfSRFwa6qyOztr,77,0.72,0.767,-5.839,0.214,0.0387,0,0.595,88.966
YoungBoy Never Broke Again,Bad Bad,2OUY5NdALupSoIQN9ZBH1a,71,0.682,0.809,-4.331,0.378,0.491,0,0.812,180.088
iann dior,Good Day,5pBQDRgfbV6lhuwlvWEftN,74,0.715,0.639,-6.947,0.105,0.627,0,0.443,82.466
Wiz Khalifa,Bammer (feat. Mustard),6ymh1cwisz2QJIuscyNsNk,49,0.58,0.744,-4.396,0.0536,0.0608,0,0.255,204.185
Lil Peep,drugz,3aWX8DMLmQCOGx6cHMPr6V,64,0.583,0.414,-11.211,0.0411,0.0491,0.000881,0.0515,98.017
Madison Beer,Selfish,4PV0uE5pZSh44E3NqNNDEH,76,0.378,0.461,-6.202,0.0275,0.627,0,0.232,75.363
John Legend,Conversations in the Dark,6TYlDTa9AQDvjqwbxlvFyI,76,0.372,0.355,-8.436,0.03,0.754,0,0.142,126.705
Tyga,FREAK,0HIj0uo7zaFIpkzUIkDlmL,0,0.933,0.556,-6.115,0.216,0.00438,0,0.504,106.01
Lady Gaga,Your Song,4dvr69ZSydfqnsSvyc33dv,0,0.344,0.481,-7.069,0.0316,0.324,0,0.218,128.663
Arcangel,Al Filo De La Alegría - Cantiñas / En Directo,1tpaKLRR2QUn7WLfT1LtFz,0,0.655,0.741,-8.599,0.269,0.567,5.96E-05,0.931,83.013
Arcangel,Como Tu Me Tocas,7zeR2pRar0MtmUd5hiAkLo,0,0.865,0.749,-7.131,0.064,0.0557,0.00226,0.401,102.016
Moneybagg Yo,All Dat (with Megan Thee Stallion),2eukAOMjUM4pxnOdIsUia9,72,0.792,0.772,-3.904,0.27,0.00534,0,0.414,120.047
Megan Thee Stallion,Stop Playing (feat. Gunna),6hv5exKssaEbXMexDrC45M,62,0.848,0.591,-5.273,0.062,0.379,0,0.264,112.96
Tame Impala,One More Year,5ozqshq2dtU7SYCpCBu0NE,75,0.602,0.88,-5.414,0.0354,0.057,0.46,0.493,114.009
Russ,GUESS WHAT (feat. Rick Ross),40FUPlp2KJvdHY5ABnK100,74,0.738,0.785,-10.035,0.272,0.0711,1.59E-05,0.357,92.008
Eminem,Premonition - Intro,7ccTcabbJlCJiIqtrSSwBk,76,0.847,0.637,-5.193,0.367,0.0258,0.000648,0.511,165.979
Russell Dickerson,Love You Like I Used To,1D7cfiC5mxqHfTCcOiRBej,71,0.501,0.788,-4.624,0.0415,0.12,0,0.61,152.047
Lil Peep,shiver,3wv7UJioPys5AWFnaNFf2J,62,0.546,0.529,-9.555,0.0813,0.00161,0.259,0.0918,142.486
Tame Impala,Posthumous Forgiveness,1KcOU0q9AMXV9xi4tSzzCc,74,0.367,0.613,-5.646,0.0297,0.0508,0.00171,0.0966,153.978
Jeremy Zucker,"always, i'll care",1LdS1ULS9e18oW3M2C1MUj,78,0.784,0.278,-10.745,0.041,0.918,0.000196,0.741,105.034
Megan Thee Stallion,What I Need,3eD4GBuUVbXrMUa9qIG4BN,60,0.733,0.667,-4.655,0.0436,0.0209,5.39E-05,0.569,87.529
Lil Peep,come around,7jCDN5v2UatH95VrzUzZer,61,0.293,0.341,-13.115,0.0362,0.0267,0.000859,0.0387,104.174
Megan Thee Stallion,Crying In The Car,3OxwuE0500Qzobf7uykMzy,61,0.778,0.562,-4.949,0.0552,0.232,0,0.57,101.958
Tame Impala,Is It True,6RZmhpvukfyeSURhf4kZ0d,74,0.731,0.664,-5.474,0.0302,0.00307,0.35,0.661,118.018
Lil Peep,M.O.S. [battery full],5TIT1Ar6BuHBDug67i531X,61,0.64,0.43,-10.125,0.06,0.0141,0.000554,0.155,114.916
Madison Beer,Good In Goodbye,1GVF9369j7InydwGztCDIZ,77,0.658,0.698,-5.95,0.177,0.433,0,0.457,139.054
Diplo,Heartless (with Julia Michaels & Morgan Wallen),4uNV7GyGEBZzPDdetEEvhS,74,0.647,0.553,-6.35,0.0421,0.215,0,0.272,110.949
Hailee Steinfeld,Wrong Direction,7GCVboEDzfL3NKp1NrAgHR,77,0.378,0.388,-9.017,0.036,0.472,0,0.188,72.293
Yung Gravy,Welcome to Chilis,7BYppcUTuG5ysmaJlGSt3t,74,0.839,0.454,-9.09,0.157,0.359,0,0.804,159.987
Sam Smith,To Die For - Ólafur Arnalds Remix,5TAKAAtBgqcylTFei8fFGg,60,0.204,0.282,-9.774,0.035,0.938,0.000388,0.128,169.386
Myke Towers,Girl,43NqTeL8pgBxKHPMiJKUP5,85,0.733,0.708,-4.957,0.0937,0.0325,0.000327,0.694,93.021
BTS,Respect,37TSJmYKLxXmx8OehFpqMN,78,0.661,0.84,-4.805,0.116,0.00485,0,0.524,91.457
A Boogie Wit da Hoodie,Reply (feat. Lil Uzi Vert),1njRzdfGNUY2RZU0lVO787,72,0.512,0.623,-6.553,0.0808,0.0187,0,0.219,112.15
Alec Benjamin,Oh My God,2U12JbtnFSYa5Av5wEcEDX,76,0.696,0.565,-7.237,0.0605,0.652,2.02E-06,0.599,156.11
A Boogie Wit da Hoodie,Mood Swings,0VZe8C7xgAIQC0E0qEVIEh,72,0.941,0.676,-5.54,0.0936,0.211,4.64E-06,0.93,120.073
Rod Wave,Thief In The Night,0KiNOg34ipQmDaLPBkx5hM,63,0.505,0.657,-8.12,0.184,0.178,0,0.276,87.972
Stunna 4 Vegas,DO DAT (feat. DaBaby & Lil Baby),6eluAsb2ONjZ6tXFp062LZ,71,0.887,0.601,-6.301,0.434,0.0212,0,0.694,134.91
Trippie Redd,The Way,54JD6jMGpa3tLAgkSYdLwf,72,0.789,0.564,-9.513,0.166,0.17,1.03E-05,0.52,145.97
Mac Miller,Once A Day,26G5nmIx7Yvq79bIIluyZV,73,0.762,0.054,-16.735,0.0503,0.947,0,0.339,96.838
Meek Mill,Letter To Nipsey (feat. Roddy Ricch),0j2CNrgtalXRGIvHMO2vzh,72,0.744,0.702,-6.255,0.288,0.264,0,0.338,91.885
Sam Smith,To Die For - Madism Remix,0lV1nrpDhrDtCQNsnjIr3v,42,0.596,0.657,-5.108,0.0387,0.646,0,0.321,102.054
Sam Smith,To Die For - Blinkie Remix,5yf3v8O1ezcqrZhzQanwaI,35,0.762,0.887,-3.763,0.0954,0.189,3.40E-05,0.492,124.036
Sam Smith,To Die For - Y2K Remix,4INplOdCtZ1pLAKEX28iJs,31,0.679,0.65,-4.291,0.168,0.0645,0.00129,0.727,170.033
Sam Smith,To Die For - Acoustic,4DyYFJt4ihkt5cRU5TC3Hx,0,0.586,0.255,-9.915,0.0388,0.967,0.000111,0.313,85.057
Aminé,Shimmy,7iG6aXHLFg9tBzP6OIyuJa,73,0.467,0.879,-4.372,0.483,0.373,0,0.795,172.783
Five Finger Death Punch,A Little Bit Off,6GqqGv8frU7kqzXkm2rewI,70,0.665,0.832,-6.039,0.0402,0.00856,0,0.802,103.985
Tame Impala,Instant Destiny,6WCXBUFa0z3l9DoOY3k5Xe,74,0.381,0.829,-4.564,0.0598,0.0226,0.000274,0.509,165.935
Eminem,Little Engine,4qNWEOMyexn7b8Icyk29t9,75,0.769,0.811,-4.162,0.228,0.0234,0,0.76,155.081
Mac Miller,That's On Me,0udOCZp7yk0Ml92C0k8H8D,72,0.583,0.499,-10.086,0.0261,0.591,0.0104,0.342,155.199
A Boogie Wit da Hoodie,Cinderella Story,18AIesWCXvIbXu8RqQw1E1,72,0.639,0.571,-7.332,0.511,0.272,0,0.569,88.047
Dixie Chicks,Gaslighter,4BR0bp4qHX1lcBM2HtnoIm,70,0.681,0.728,-7.317,0.0513,0.00624,0,0.693,131.017
Eminem,Farewell,74gykWHknHDrg4eMdcmdRq,76,0.89,0.664,-6.625,0.106,0.00487,0,0.467,93.007
Lil Tecca,All Star (with Lil Tjay),3nQOSV5FCRsHZronrjKFJ4,0,0.805,0.627,-6.081,0.152,0.308,0,0.51,130.003
YoungBoy Never Broke Again,Fine By Time,0KVEBQA98JvkmB5ZydQ13k,69,0.506,0.787,-6.634,0.161,0.254,0,0.333,99.956
Daddy Yankee,Definitivamente,113PlnpZbHd3WIqeYjhZWv,84,0.813,0.764,-3.39,0.105,0.586,0,0.429,100.047
Meek Mill,Believe (feat. Justin Timberlake),6fvqvUQr12qghH4N8gpAch,74,0.628,0.75,-5.219,0.14,0.142,0,0.374,87.008
G Herbo,By Any Means,5OoQo1NhMJlvHr0E6pU4Cy,66,0.782,0.927,-4.741,0.425,0.275,0,0.67,140.029
Blueface,Holy Moly (feat. NLE Choppa),5PJG9oWJf6oL8bVeUadimQ,69,0.849,0.586,-8.178,0.476,0.121,0,0.535,123.939
A Boogie Wit da Hoodie,DTB 4 Life,4CXSzoyTD2MmedFArsSIUp,72,0.566,0.676,-6.05,0.128,0.00905,0,0.123,84.683
Eminem,Stepdad,3QVHSV8YKYq4L8tI5rnFgj,76,0.779,0.805,-3.121,0.178,0.018,0,0.557,145.68
Lil Tecca,IDK,1tdofYaObJtffeWsCFrg04,72,0.68,0.58,-7.641,0.287,0.0264,0,0.636,79.847
G Herbo,Glass in the Face,414fIBz9pQgFWkKwSFbMQH,65,0.796,0.727,-4.598,0.235,0.235,0,0.299,109.334
Sia,Under the Milky Way,0KxqC4r0FrtTKQQ2zdXVYF,0,0.5,0.59,-9.381,0.0276,0.0724,0.064,0.405,140.905
Alicia Keys,Underdog,3FGiFUJRRp5RGikVrs6kig,79,0.655,0.722,-4.726,0.048,0.556,0,0.298,90.099
A Boogie Wit da Hoodie,Another Day Gone (feat. Khalid),63dg6LdBGxa0QA93M2snLA,71,0.643,0.608,-8.446,0.152,0.0984,0.000101,0.564,156.974
YG,Konclusions,5SON8GFVi5chitOTgM8QIe,71,0.686,0.614,-7.897,0.36,0.103,0,0.355,90.634
Tiny Meat Gang,Broke Bitch,0aZgW8Nzg38hN00pEFyIEj,72,0.798,0.557,-7.4,0.175,0.0186,0.000947,0.526,174.006
Yo Gotti,Weekend (feat. Moneybagg Yo),53D5TZhptGDDirr0WJFsD2,71,0.972,0.55,-4.404,0.0614,0.0493,0,0.61,111.03
Glass Animals,Your Love (Déjà Vu),5DYD4zlGiFlkpLaf2Bk8Vl,73,0.854,0.671,-7.158,0.0543,0.019,0.383,0.631,107.994
Eminem,"Yah Yah (feat. Royce Da 5'9"", Black Thought, Q-Tip & Denaun)",5mZXWEH2eh8zMZGCxT5aW0,75,0.458,0.966,-2.107,0.384,0.14,0,0.356,183.586
Eminem,Never Love Again,40YbWniIEmqy6s58fYXLUh,75,0.747,0.899,-5.125,0.246,0.1,0,0.581,92.029
G Herbo,Lawyer Fees,6mABK96naF062FmZEs7lr3,64,0.815,0.546,-5.053,0.172,0.176,0,0.182,141.074
Eminem,"I Will (feat. KXNG Crooked, Royce Da 5'9"" & Joell Ortiz)",3CJbxqRQ0JNCqboWDNUUeX,75,0.635,0.543,-5.941,0.067,0.0454,0.000678,0.036,98.743
DripReport,Skechers,4z2JaAVPemYJhFKm7e32RA,76,0.907,0.332,-9.828,0.0836,0.326,0.0168,0.277,99.998
KSI,Wake Up Call (feat. Trippie Redd),5MYzajZVxBaPT2JUSRa99L,77,0.641,0.669,-5.774,0.0486,0.321,0,0.228,156.081
YoungBoy Never Broke Again,RIP Lil Phat,5YEAvnL3klXUE7etBXvMlp,69,0.652,0.798,-5.347,0.333,0.157,0,0.608,169.857
A Boogie Wit da Hoodie,Blood On My Denim,0LHWHUcUYhFAUkCt2q4Gad,71,0.842,0.52,-6.51,0.122,0.386,0,0.482,109.008
Olivia Rodrigo,All I Want,1v6svH1Fyx9C1nIt1mA2DT,75,0.376,0.43,-6.585,0.0328,0.0902,0,0.129,77.599
PARTYNEXTDOOR,SPLIT DECISION,1qSvHT5TtWggAuGVWEFKo8,68,0.38,0.274,-13.106,0.169,0.854,0.000685,0.27,178.027
Mac Miller,Hands,6CrnvqCxBKVWahSiQwOesM,71,0.739,0.627,-8.608,0.171,0.0459,0,0.542,74.962
Tame Impala,It Might Be Time,558ubozatFQlweufvHa3Ip,73,0.585,0.781,-3.808,0.0457,0.021,0.000187,0.336,115.946
Lewis Capaldi,Before You Go - Live From The Capitol Rooftop,31dkppjVA93QV8X2zuKwRd,3,0.528,0.198,-9.118,0.0381,0.883,0,0.362,104.166
Lewis Capaldi,Before You Go,7aTF5l8XOQY1jcxsk263gJ,4,0.459,0.575,-4.858,0.0573,0.604,0,0.183,111.881
Tame Impala,Tomorrow's Dust,666PdikRnUzdvjT9p5wWND,73,0.616,0.804,-5.568,0.0427,0.0124,0.0998,0.627,99.002
Tame Impala,On Track,0IuE6FnXPCdZ8NLuuvJRhb,72,0.388,0.648,-5.578,0.038,0.116,4.19E-06,0.112,163.861
Chelsea Cutler,Sad Tonight,2NPQbiRn9f5JWlCgNLNZJn,71,0.71,0.728,-7.581,0.275,0.313,1.69E-05,0.459,104.999
Selena Gomez,Crowded Room (feat. 6LACK),2C0hTkdEoikhKzDCJl32QZ,74,0.724,0.415,-8.408,0.0518,0.764,2.51E-06,0.328,89.999
YoungBoy Never Broke Again,Bat Man,6fEdWrEYspdneQMNIT33I4,68,0.782,0.67,-4.332,0.358,0.118,0,0.745,172.006
Alec Benjamin,The Book of You & I,6goVVcwzy7RtZdytF5XADW,68,0.515,0.387,-6.237,0.0322,0.909,0,0.487,103.224
G Herbo,Party in Heaven,4xcUqccvJWWJ9aw11npXiD,63,0.615,0.672,-4.966,0.329,0.009,0,0.308,83.312
MARINA,About Love - From The Netflix Film “To All The Boys: P.S. I Still Love You”,4XII12nbsvJblXfG1I2QR4,74,0.636,0.758,-5.567,0.0427,0.331,1.01E-05,0.281,97.025
Myke Towers,Diosa,3JHpk0DOTOzyh0777JFAky,87,0.801,0.745,-3.733,0.063,0.398,0.00603,0.245,104.965
ZICO,Any song,1iIhGHzzrzqQfuNkFI2qAn,81,0.874,0.787,-2.416,0.129,0.118,0,0.896,108.007
G Herbo,Intro,0jB8Q0RsP7uSjY3hKCYR8v,63,0.643,0.834,-4.442,0.321,0.00927,0,0.375,176.367
A Boogie Wit da Hoodie,Hit 'Em Up (feat. Trap Manny),7ExiKb3YCTGpaLPtFKzYUk,70,0.506,0.591,-8.428,0.386,0.258,0,0.752,169.752
Blueface,Obama (feat. DaBaby),5rvnBFgJFyZgMJbwQTyBeF,71,0.912,0.587,-7.909,0.449,0.169,0,0.563,134.874
LoveLeo,BOYFREN,3WmgMoWZ1E5yNyn2aUzWAr,73,0.846,0.363,-7.328,0.0607,0.246,0.0137,0.674,79.927
Sebastian Yatra,Como Mirarte,1ER3dDBp00fmVteoRGBgAV,0,0.306,0.354,-7.365,0.0339,0.69,0,0.202,79.102
Sebastian Yatra,Devuélveme El Corazón,6f8y4qAQ490es6V1F4nN4p,0,0.514,0.792,-6.864,0.118,0.0919,0,0.29,76.892
Five Finger Death Punch,Darkness Settles In,6RksBSj5fFtPkUnL2EE0oe,65,0.334,0.933,-4.49,0.09,0.00732,0,0.18,132.812
G Herbo,Gangbangin,5kfbhpRizGJvXAwvYXtkyD,62,0.778,0.698,-4.241,0.257,0.0415,0,0.393,76.444
Avicii,Last Dance - Radio Edit,19cspknM4zwMw6Nr9aeXcT,0,0.519,0.822,-5.149,0.0362,0.000364,0.286,0.158,127.973
A Boogie Wit da Hoodie,Calm Down (Bittersweet) [feat. Summer Walker],1U5pPF8f6APVCoc6t2KfIB,71,0.579,0.612,-4.685,0.111,0.221,0,0.425,133.366
Five Finger Death Punch,Inside Out,163Kb2pSLLduhfbO6Zn0sL,65,0.476,0.991,-2.855,0.15,0.00191,0,0.202,82.997
Trevor Daniel,Past Life,3JjY4IgdeK1w8qMBm0yWyw,66,0.583,0.627,-5.882,0.0343,0.144,0,0.535,159.921
Anne-Marie,Birthday,5hff5RQeE84pznOt8WEWeO,80,0.609,0.785,-3.32,0.0891,0.0502,0,0.756,151.995
Martin Garrix,Drown (feat. Clinton Kane),4RVtBlHFKj51Ipvpfv5ER4,78,0.573,0.739,-5.455,0.0581,0.212,0,0.363,120.077
G Herbo,Death Row,0UTJgNxhxWIBbREX4ayaqT,62,0.782,0.639,-6.292,0.258,0.0602,0,0.194,91.011
G Herbo,In This Bitch,0JGncW3IHWA9TFQyhgLESH,61,0.751,0.515,-8.96,0.355,0.0315,0,0.662,145.355
G Herbo,High Speed,5rcMl6eqzMiAp5zJ2s4Dhq,61,0.617,0.772,-3.035,0.403,0.275,0,0.453,107.466
YoungBoy Never Broke Again,Long RD,4RhRDVXc3xFojyyjyh1jmN,68,0.768,0.565,-7.203,0.0525,0.143,0,0.307,129.866
Five Finger Death Punch,To Be Alone,5utdbEzP9dUyrEaayHfVM5,64,0.436,0.963,-3.436,0.06,0.000286,0,0.358,92.037
Five Finger Death Punch,Living The Dream,2gsxeJnGbJQkBddBDr0UTV,64,0.416,0.988,-3.466,0.113,0.000839,0,0.47,174.995
Dustin Lynch,Good Girl,3NgcaTIgVh77DdwAInp996,69,0.711,0.696,-5.05,0.0871,0.16,0,0.694,80.512
Five Finger Death Punch,Bottom of The Top,4MCko2lInqpb0hKRZxRdGz,63,0.524,0.989,-3.758,0.0651,0.000157,1.25E-06,0.488,102.004
Rauw Alejandro,Tattoo,7na7Bk98usp84FaOJFPv3d,85,0.755,0.617,-5.144,0.182,0.0217,0,0.745,193.896
Five Finger Death Punch,Full Circle,76CWLFHm3OFuE2P1dDMhi3,64,0.495,0.993,-3.014,0.145,0.000151,0,0.29,149.912
G Herbo,Feelings,3F4hYChWyAeAjZ4UqhI8jo,61,0.654,0.809,-4.717,0.393,0.0871,0,0.481,89.796
Surfaces,Good Day,5vu5o6RUJ2YiXv3LaPDYIF,60,0.906,0.541,-6.947,0.0415,0.557,1.90E-06,0.788,124.998
Five Finger Death Punch,Brighter Side of Grey,4tW57waWtNZF2CnhQEjPBq,62,0.538,0.961,-3.496,0.0536,0.00646,0,0.427,124.002
Pop Smoke,Invincible,792HwhrdO3ErRKL5yRe4Ge,72,0.548,0.732,-5.652,0.336,0.125,0,0.612,142.791
Eminem,Alfred - Interlude,4EmunTy7kNBYQivOa8F6b8,73,0.429,0.231,-20.43,0.402,0.878,0,0.914,74.545
Surfaces,Sky Interlude,4NI2IajOHu1b55CdhCLLzd,56,0.746,0.575,-8.935,0.0432,0.312,0.479,0.727,125.037
Five Finger Death Punch,Inside Out (Radio Edit),63rAI9RSoPiGXWG9Tu47I2,59,0.342,0.988,-3.339,0.163,0.00357,0,0.228,82.857
H.E.R.,Sometimes,2m0pzukUN2eFutFjnXNFXF,69,0.54,0.617,-7.56,0.0723,0.043,0.000854,0.369,151.838
Sam Hunt,Hard To Forget,73nVXVgoqOuZfdbtONnWVE,68,0.689,0.689,-5.517,0.045,0.23,0,0.664,130.069
Conan Gray,The Story,1aQqtnz30d2vAG54XFNpu0,71,0.542,0.299,-10.379,0.0305,0.817,0,0.274,141.917
Brent Faiyaz,Fuck The World (Summer in London),2CzUlaKN1mvb0szagSR3ux,69,0.679,0.281,-15.505,0.203,0.875,0.00305,0.233,74.997
Luke Bryan,One Margarita,6NhS5LwYbJ6xD7BGvlWRJO,0,0.641,0.842,-4.872,0.0464,0.0969,0,0.738,89.997
Julia Michaels,Uh Huh,0aCD3BlCSejUxhItQiLIxy,0,0.768,0.677,-4.868,0.206,0.139,0.000111,0.516,137.961
Trippie Redd,How I Was Raised,4U6wcrY9UaHmxx8aUQ6KeX,69,0.633,0.687,-5.059,0.0726,0.0833,0,0.486,160.035
Russ,NIGHTTIME (Interlude),1LErJ8H8vJK9uJi66zlvbw,70,0.823,0.556,-5.883,0.118,0.34,0.00121,0.879,142
Dalex,Mejor,1mF6sMUsRU9MisrdB9qWvg,82,0.524,0.577,-4.501,0.18,0.185,0,0.19,175.396
A Boogie Wit da Hoodie,R.O.D.,5AmzfSxCIOPxPmppoHrr12,69,0.596,0.547,-6.207,0.335,0.567,0,0.611,90.059
Tame Impala,One More Hour,0mO6oS60RST2sWmN2FKknP,70,0.647,0.398,-8.63,0.0283,0.108,0.107,0.32,102.029
Niall Horan,"Lover - Recorded at Air Studios, London",3PgxWUQc4HJoQMj5Kp5Mcd,65,0.533,0.297,-8.443,0.0446,0.459,1.25E-06,0.118,130.344
Christian Nodal,Se Me Olvidó,5Xitt5a5uLQ1QtYdFxmi9e,79,0.647,0.554,-3.14,0.032,0.348,0,0.737,141.823
Olivia Rodrigo,"Just for a Moment - From ""High School Musical: The Musical: The Series""",5Yc2A0YtK6PaXT8J1MQ0Rd,69,0.519,0.503,-6.239,0.0442,0.215,0,0.364,89.174
Key Glock,Dough,2rw5cbtHTyzy8iruujD28d,67,0.876,0.463,-6.607,0.289,0.00166,0.000492,0.32,162.951
Kodak Black,Because Of You,75N0cen8wTAlL5nPFprGoE,68,0.474,0.573,-4.754,0.225,0.303,0,0.154,85.669
Selena Gomez,Vulnerable,11OwAR3GlBj9E35Cznf7Lj,74,0.695,0.573,-8.882,0.167,0.132,0.000137,0.38,100.031
Tame Impala,Glimmer,1unBUyjeQUDiJ8N89XiDrr,70,0.673,0.627,-8.469,0.0377,0.136,0.424,0.761,117.911
EVERGLOW,DUN DUN,3CyCjgTHFzqucmECajq8QA,79,0.692,0.881,-2.563,0.0461,0.0457,4.26E-06,0.433,103.055
Luh Kel,Y.O.U.,45RdkQ34Kzn9GY1InYjIsA,69,0.569,0.687,-5.611,0.168,0.354,0,0.495,92.724
The Pussycat Dolls,React,0GWYApQBwErVPkyXYCTJjI,77,0.745,0.74,-5.719,0.0697,0.116,0,0.544,120.014
Brett Kissel,Drink About Me,1kC07qGOyx8w7ON5k8xHOp,66,0.578,0.796,-4.232,0.0326,0.274,0,0.412,121.852
Moneybagg Yo,1 2 3 (feat. Blac Youngsta),27KSwBOQTjGWt2Fe8fNAwq,66,0.947,0.58,-7.635,0.46,0.027,0,0.778,127.046
Tones And I,Never Seen The Rain,3FHLkTWV2QvC8J0YhX4muT,76,0.672,0.464,-5.624,0.037,0.43,0,0.271,92.069
A Boogie Wit da Hoodie,Good Girls Gone Bad,76MqbWX5us3UmGJImualTj,68,0.678,0.674,-6.175,0.0687,0.0849,0,0.417,119.195
YoungBoy Never Broke Again,Suited Panamera (feat. Quando Rondo),37LWyqxXEUrjMxrhPlAiNF,66,0.6,0.654,-4.8,0.222,0.488,0,0.419,157.8
bbno$,mememe,0ySgIyZHnCBV9UFk36T8Ce,0,0.975,0.387,-10.892,0.293,0.0518,0,0.589,112.06
Calboy,Givenchy Kickin (feat. Lil Baby & Lil Tjay),2s6nFAzZLRAbKS9NKV7Mos,69,0.798,0.629,-6.405,0.07,0.077,0,0.261,142.079
Disclosure,Tondo,23PIMIlFx1FeiCmmIf1RgZ,65,0.675,0.92,-7.153,0.054,0.0123,0.114,0.841,132
Denzel Curry,DIET_,1AzqpMy3yLYNITSOUrnL8i,69,0.724,0.771,-6.208,0.369,0.0889,0,0.867,90.565
Wiz Khalifa,"Speed Me Up (with Ty Dolla $ign, Lil Yachty & Sueco the Child)",15eWNa3kpCPKILbSvvzSWl,71,0.776,0.844,-5.296,0.0483,0.00177,0.0273,0.542,149.987
Snoop Dogg,I Get Lifted,0FpdYHIMHFXHaklkoc3nHq,0,0.769,0.676,-5.62,0.148,0.00422,0,0.752,96.053
Melanie Martinez,Copy Cat (feat. Tierra Whack),4AhAT2GxKdNYWc5bmdoAES,71,0.714,0.454,-8.899,0.166,0.618,0,0.81,175.537
Brent Faiyaz,Clouded,2J6OF7CkpdQGSfm1wdclqn,68,0.556,0.344,-8.765,0.0585,0.774,0,0.579,65.508
Tyla Yaweh,High Right Now (feat. Wiz Khalifa) - Remix,5DPASDOoVakOcD8EIhb46T,71,0.737,0.548,-7.003,0.0498,0.0127,9.76E-06,0.156,160.058
BTS,Boy With Luv (Feat. Halsey),1ZpFxOhpzT1MDCq7zjtOV1,74,0.645,0.862,-4.757,0.0965,0.0923,0,0.798,119.991
Quando Rondo,Bad Vibe (feat. A Boogie Wit da Hoodie & 2 Chainz),1GqluCmHkW69FPpe8OlnB5,70,0.833,0.614,-4.842,0.17,0.13,0,0.389,100.03
A Boogie Wit da Hoodie,Right Back,4NY4FeAJyTd0fkkMI0POPn,68,0.632,0.697,-4.659,0.438,0.128,0,0.526,83.505
The 1975,Me & You Together Song,4AQzk2yNWKs6sYhZi6NzVN,73,0.272,0.763,-5.861,0.0348,1.65E-06,0.00157,0.394,107.388
Dustin Lynch,Thinking 'Bout You (feat. Lauren Alaina),6NebrV4ZigAoXIRbe11hxh,67,0.394,0.747,-4.446,0.0627,0.13,0,0.776,203.918
dvsn,A Muse,7AOIpGjtubeC0uSiMEhOyR,70,0.774,0.391,-6.753,0.165,0.646,0.00165,0.42,134.057
YoungBoy Never Broke Again,How You Want It,3ug164pc9RGmq4TM6x61vJ,66,0.537,0.651,-6.49,0.249,0.0366,0,0.288,150.277
Alec Benjamin,Demons,42MwPTHQWWe4WUNwvdUh6Q,73,0.708,0.489,-7.608,0.0366,0.665,0.000138,0.771,142.925
YoungBoy Never Broke Again,Okay,7HjRPlzOwN72D8gjn9zURA,66,0.684,0.64,-5.035,0.336,0.343,0,0.47,159.874
Pop Smoke,Wolves (with NAV),1dnsojUNfvhiztcITLzruj,71,0.836,0.627,-4.377,0.197,0.143,0,0.652,142.99
The 1975,The Birthday Party,3qZwJ1SiY32JW70JqgiFbY,73,0.639,0.468,-9.736,0.0317,0.075,0.374,0.521,134.077
Calboy,Barbarian (feat. Lil Tjay),5NAheKWXXFvj86udnCMiYD,68,0.667,0.648,-7.838,0.152,0.135,0,0.579,149.927
Kelsea Ballerini,hole in the bottle,2EzFVkHWMMWmdwW08AlCK8,61,0.478,0.873,-3.637,0.122,0.0486,0,0.739,104.365
BTS,Intro : Persona,2BgZrbbAZxSnyE7U5efVrG,74,0.469,0.87,-4.475,0.342,0.0278,0,0.652,86.622
Bryce Vine,Baby Girl,6DNTJAvdyDwkmiPm2Wl8At,65,0.86,0.592,-8.606,0.0861,0.166,0.000609,0.621,107.016
YoungBoy Never Broke Again,No Understand,0Fj1NN9QtXbSmNS46BexHg,66,0.528,0.557,-7.664,0.518,0.238,0,0.528,77.289
Louis The Child,Every Color (with Foster The People),5wrmiwRiM8v52XuVElTm0k,66,0.771,0.747,-4.858,0.059,0.018,0.0024,0.333,124.985
Natanael Cano,El Jr,6YsDfez6IKixqRmqOddsQf,56,0.638,0.795,-6.229,0.0332,0.574,0,0.923,114.343
YoungBoy Never Broke Again,Call Me Late,1m5ThpiPCchWtaBIAnNfz8,66,0.736,0.594,-6.459,0.38,0.336,0,0.905,163.948
Dalex,Perfume,2r5AwzCIgWw57ZYXuSIji6,70,0.844,0.866,-3.029,0.107,0.251,4.88E-05,0.818,91.998
Meghan Trainor,Nice to Meet Ya (feat. Nicki Minaj),5HqRQwSAPAgJBQ3bhtpUTg,73,0.753,0.561,-6.279,0.333,0.0111,0.0266,0.539,192.037
BTS,Make It Right,1OqkHhYOcqfwYx7LqlAE8Y,73,0.638,0.703,-7.874,0.444,0.0104,0,0.261,105.766
TisaKorean,The Mop,222CYzFdozaJ8D7TL0Eo0u,66,0.846,0.324,-12.434,0.667,0.0107,0,0.399,143.988
The Strokes,Bad Decisions,6e2pJqucDMxbp061B40r6O,72,0.377,0.922,-3.4,0.056,0.0136,0.204,0.394,153.404
BTS,Jamais Vu,5oXdWFCLkBX5XmGbTrlK40,73,0.608,0.47,-6.73,0.0428,0.226,0,0.241,81
Marshmello,Crusade,29Dvkvp7Wgd1VJdDvVJlvf,70,0.618,0.98,-0.842,0.0777,0.0266,0.516,0.488,140.003
Maluma,Qué Chimba,0rIZ49wxDf8H2LXOKmAMW5,0,0.725,0.949,-3.416,0.0814,0.0112,0.00196,0.581,128.001
Delacey,Cruel Intentions,7E91ECLi2J4L21tEX0RBHn,72,0.677,0.878,-3.497,0.213,0.0883,0,0.227,90.048
Gorillaz,Momentary Bliss (feat. slowthai and Slaves),5zZWKugaE2ZmnZN77HVfUH,67,0.641,0.807,-6.73,0.239,0.0851,2.38E-05,0.712,158.071
Trippie Redd,I Love You,6gQ2zRxHeWH3gKRV541A4c,67,0.732,0.736,-3.916,0.0344,0.0699,0,0.472,142.976
Pop Smoke,Mannequin (feat. Lil Tjay),5eJpwQyirY5EEdNadHKRAM,70,0.683,0.799,-5.923,0.3,0.456,0,0.752,145.128
Disclosure,Expressing What Matters,3FeVszrXFJCEcmbYWBZtRQ,60,0.781,0.814,-8.164,0.0916,0.0148,0.838,0.736,119.993
Selena Gomez,Ring,11Ey4yJVeWEsA73KjACkVY,73,0.873,0.51,-5.35,0.0661,0.565,3.13E-06,0.871,110.953
Steve Aoki,Maldad (with Maluma),35HXnvswjdVWjQRmqtXPJD,77,0.598,0.809,-4.168,0.138,0.00179,8.41E-05,0.653,104.784
David Guetta,Detroit 3 AM - Radio Edit,4d42DsNHiQipjONbwTYyEc,66,0.554,0.889,-6.635,0.0643,0.000285,0.911,0.0605,125.016
Ellie Goulding,How Long Will I Love You,7lFcY98lzByCAR84J4tGKP,0,0.512,0.304,-9.19,0.0318,0.295,0.000622,0.172,126.078
$NOT,Moon & Stars (feat. Maggie Lindemann),5Kjz86OFAoN6D4kF1BTSEc,67,0.713,0.47,-8.698,0.0864,0.606,1.35E-05,0.0825,84.518
BTS,Dionysus,2SytGgja3g2R2N9lzV6n3E,73,0.502,0.91,-2.769,0.107,0.04,0,0.588,176.084
King Von,Took Her To The O,0kSnpKOS1bUguBGe2z661G,66,0.86,0.62,-6.465,0.375,0.00335,0,0.479,159.98
Sia,Original (from Dolittle),0YoquWDxpwAq8jFPj3K8wp,74,0.677,0.551,-6.107,0.0323,0.00315,0.00576,0.44,96.014
OneRepublic,Kids - Acoustic,5wjwnHshfiqFncQSCOd0kF,0,0.649,0.792,-6.976,0.0373,0.194,0,0.442,99.983
Arizona Zervas,ROXANNE - Remix,5hC7h0yWVMkxhLbNXCscBR,70,0.696,0.663,-5.662,0.108,0.0273,0,0.423,175.075
A Boogie Wit da Hoodie,Streets Don't Love You,5IhS1ig4KRhO4TXH3uspCa,68,0.549,0.456,-10.5,0.55,0.65,0,0.297,117.284
Carnage,Hella Neck,2wBB2KKqtuK1fcxAiqbCSZ,69,0.906,0.366,-8.92,0.395,0.231,0,0.238,95.007
Brent Faiyaz,Been Away,5PvVkf1Yuq3XyMqqjPiKPd,67,0.602,0.5,-9.377,0.296,0.477,5.69E-05,0.395,132.8
YBN Nahmir,Talkin,1oxiu1OY6PHkJtakt4vKdX,67,0.882,0.625,-8.878,0.293,0.0677,0,0.935,129.965
Tones And I,Bad Child,1qCmZnC1FUpNgOydIzqIPC,0,0.756,0.554,-4.24,0.0342,0.402,0,0.596,117.992
Tones And I,Can't Be Happy All The Time,3Cwx1w1QYOuMOlx7xDmLcQ,0,0.463,0.24,-6.448,0.0606,0.541,0,0.245,84.175
Myke Towers,La Playa - Remix,70zg99pT51vB4wlMS7e4q7,81,0.775,0.633,-3.332,0.133,0.201,0,0.394,140.008
Alec Benjamin,Mind Is A Prison,2jqbRD4UROF0sGGEFZYi0f,49,0.636,0.661,-5.217,0.05,0.527,0,0.694,151.148
Tory Lanez,K Lo K (feat. Fivio Foreign),3TlrDcdC7ydI8mto84R1GW,69,0.745,0.695,-5.797,0.202,0.0904,0,0.656,139.89
Jack Harlow,2STYLISH,0qoxr5PUFbDqGLHIpEnWAr,0,0.945,0.638,-7.662,0.0774,0.0116,0,0.441,100.011
Jack Harlow,ONCE MAY COMES,1iMRCWHw0c57LOwae6dNJv,0,0.906,0.435,-8.933,0.198,0.0736,0,0.529,90.521
Jack Harlow,I WANNA SEE SOME ASS (feat. jetsonmade),2aWVaW1p2kUc5yuKwBmRJi,0,0.899,0.691,-7.554,0.0497,0.18,0.000451,0.865,107.951
Jack Harlow,HEY BIG HEAD,3FWIAl04a9ySFhk4HH15ov,0,0.846,0.554,-5.856,0.0991,0.0376,0.00245,0.611,163.887
Jack Harlow,SMELLS LIKE INCENSE,5xAR2kje4pVMHz0ipvp2VA,0,0.952,0.547,-5.533,0.0591,0.0167,0,0.31,100.033
Jack Harlow,OUT FRONT,6ukXwaLZoMjeqA98ZdKLtq,0,0.896,0.483,-9.794,0.0663,0.0904,0.000218,0.51,103
YoungBoy Never Broke Again,Gunsmoke,6KJCGu0tOmhk87jX6Dz7Ql,65,0.638,0.755,-4.558,0.204,0.0528,0,0.602,153.26
Pop Smoke,War (feat. Lil Tjay) - Bonus,2hYN1IVp5LGIsi5MpzcjVz,70,0.641,0.76,-4.442,0.179,0.195,0,0.59,141.82
Porter Robinson,Get Your Wish,1HjZDqiaUrq46GHhHXE4vG,67,0.542,0.684,-5.844,0.0508,0.0997,0,0.442,95.004
G Herbo,Gangbangin',13aaxXWwWQa0iZNO06eMjT,37,0.732,0.7,-4.291,0.307,0.0411,0,0.41,152.943
G Herbo,Gangsta's Cry,41mqpBK0AgXcZ1VWvL92RD,37,0.745,0.74,-3.851,0.282,0.166,0,0.512,159.951
Denzel Curry,DIET_ - A COLORS SHOW,5ujIKl4PDCqxU4t9xv8XNO,45,0.799,0.614,-10.165,0.525,0.0521,0,0.844,90.88
Tenille Townes,Holding Out for the One,7IN4uBTZZK2KJ4tjBL44xU,66,0.6,0.742,-4.135,0.0379,0.00716,0,0.796,85.008
Pop Smoke,Element,57BGVV6wcyhbn3hsjlqEZB,69,0.772,0.878,-4.22,0.324,0.0301,2.18E-06,0.305,61.311
Disclosure,Ecstasy,5wzGHgamBPcqrWwuhGDfam,61,0.75,0.896,-8.577,0.0623,0.0111,0.637,0.515,124.991
Fall Out Boy,Love Will Tear Us Apart,2Njey3R8bwQ9XBVSZpxIMS,0,0.587,0.673,-7.756,0.0329,0.0654,0.00154,0.329,152.138
Selena Gomez,Dance Again,5sK3o66yupTNIK6gWgzGjf,72,0.784,0.552,-7.261,0.0871,0.0447,0,0.465,111.984
H.E.R.,Comfortable,3f3cliOygeuUpGRwdohy12,68,0.429,0.399,-11.679,0.0893,0.632,3.23E-05,0.353,72.487
The Strokes,At The Door,7dz48pntblPzJ9mTPiUH81,71,0.439,0.323,-6.764,0.0323,0.858,0.00921,0.358,116.743
Rauw Alejandro,Fantasias - Remix,0A37XY67wSdGqkGjtfW6aV,74,0.816,0.72,-4.454,0.0684,0.206,0,0.78,94.004
Pop Smoke,Foreigner (feat. A Boogie Wit da Hoodie),7iBKCNKl5UjxfOgyxnQ6q6,68,0.484,0.553,-7.914,0.353,0.471,0,0.598,103.772
Sean Paul,Get Busy,4EqQQjbjvcFYuww3AmiEU6,0,0.735,0.846,-3.11,0.0355,0.598,0,0.725,100.197
Sean Paul,She Doesn't Mind,4SKskktenbsy4nzyW0HzAG,0,0.718,0.776,-5.208,0.0693,0.000624,5.30E-06,0.622,120.015
Sean Paul,Bend You Back,7mYf8eneKSQ9OXc5UbxLCE,0,0.882,0.694,-5.646,0.128,0.0292,1.09E-05,0.433,98.015
Pop Smoke,Get Back,3DWjFSDEQ9IWz1mj449fB7,69,0.798,0.649,-6.546,0.306,0.0746,1.34E-05,0.566,142.006
Jadn,Comatose,1FIv5SzIBWmCF5Xmt8N6BD,70,0.351,0.852,-5.104,0.343,0.00462,0,0.556,162.005
Chelsea Cutler,Sad Tonight - Acoustic,1aXIgw5xYdFSZhoK1f6VbI,0,0.367,0.311,-8.366,0.0385,0.45,0,0.477,186.174
Astrid S,I Do,6Qp1DSekiuxHbFoSsg9JIk,65,0.665,0.524,-9.404,0.0458,0.502,0,0.215,110.019
Ozuna,100 Preguntas,21Oh0PHE9KQPXPUvXk7sY9,74,0.768,0.462,-5.907,0.0369,0.689,0,0.605,104.008
Denzel Curry,Take_it_Back_v2,6M1QxOSjcCBCNnS7GSjd1o,68,0.508,0.821,-7.416,0.454,0.0329,7.05E-06,0.345,88.255
Lauren Alaina,In My Veins,3sAmWiJrwZkF8FSgpiM8QA,60,0.646,0.741,-6.193,0.0323,0.03,0,0.789,107.957
Disclosure,Get Close,50omU7LRGRxjL91a0VO71A,56,0.784,0.764,-7.051,0.114,0.00132,0.736,0.291,124.013
A Boogie Wit da Hoodie,Big Shit,0dADaRjZfWrrXPAPr7qe75,67,0.753,0.53,-4.196,0.16,0.353,1.36E-05,0.385,138.977
Disclosure,Etran,1S9beER2axKheJ3AMe49Cv,56,0.779,0.609,-7.446,0.133,0.0473,3.05E-05,0.299,122.016
Brent Faiyaz,Let Me Know,0dJhXJKZTpiaxTUc7uItIN,66,0.744,0.548,-6.545,0.0953,0.176,0.000185,0.558,85.014
X Ambassadors,Belong,54nwCwKlRSl29ndEBFVaGl,63,0.494,0.574,-4.874,0.0339,0.131,0,0.391,81.01
Ellie Goulding,Worry About Me (feat. blackbear),0wsfdPl7p3yKjQBmHQsaDn,0,0.664,0.743,-7.114,0.206,0.115,0,0.534,161.885
Yung Gravy,Bandsville,00SiZEELZ0K4gkUl0rU529,67,0.833,0.39,-8.339,0.414,0.13,6.78E-06,0.353,159.996
Ozzy Osbourne,It's A Raid (feat. Post Malone),25Rdrp7aqTB3x3coVETp0N,69,0.472,0.996,-0.578,0.16,0.00687,0,0.114,117.004
Tee Grizzley,Red Light,3Gzcb65waeZYidm0vSaelM,65,0.846,0.716,-5.516,0.236,0.00101,0,0.213,98.005
Trevor Daniel,Falling (Summer Walker Remix),3doHXO2n8mAW8XkIFeapTZ,69,0.691,0.573,-4.669,0.0344,0.169,0,0.267,127.085
Falling In Reverse,The Drug In Me Is Reimagined,5GIWP2q6p92lFA10KUuL0z,68,0.498,0.401,-7.168,0.0287,0.666,0,0.114,99.721
Joyner Lucas,Lotto,0BSjMgK9Z1d30F5mUc3nET,24,0.952,0.722,-5.459,0.19,0.0379,0.000428,0.759,130.011
Jeremy Zucker,better off - filous remix,6mXYOsL1VY4RJDMz6Ekfsm,0,0.801,0.556,-7.758,0.177,0.153,0.00208,0.382,100.972
Zedd,Stay - Petit Biscuit Remix,3lD6FHip15XBbex2TDruMW,0,0.607,0.616,-6.006,0.189,0.402,0,0.268,104.89
Kevin Gates,Dreka,7Ei6Vq7Jagn8loeV2bxa7x,64,0.561,0.616,-7.61,0.283,0.468,0,0.293,107.611
Anderson .Paak,Don't Slack (from Trolls World Tour),1bxa0TPdBMHPeZFHe0adCw,43,0.617,0.837,-5.574,0.115,0.0842,0,0.8,168.12
Alessia Cara,Stone,6EPBzb67Z8GWxszHD6WoqF,0,0.77,0.447,-8.566,0.0341,0.312,4.72E-05,0.382,128.055
The Future Kingz,3 Vets,6t3sBdc5SbMlk5AyGvMei2,70,0.92,0.595,-6.698,0.248,0.172,0,0.908,145.003
MAX,Where Am I At,6QMgSasUZYyVzaAvc7BYLZ,63,0.415,0.695,-5.821,0.162,0.23,1.93E-06,0.193,172.299
Niall Horan,"No Judgement - Recorded at Air Studios, London",2kdG7Kwr2wNk1o7beJZits,49,0.697,0.687,-4.987,0.0327,0.0166,2.52E-05,0.92,99.545
Sam Hunt,Hard To Forget - Radio Edit,6ITrZx7zVGgrADDD1lksjw,0,0.694,0.715,-5.39,0.0461,0.191,0,0.757,130.085
Selena Gomez,A Sweeter Place (feat. Kid Cudi),4bb94wZVF1cX66vQjNeJTX,70,0.583,0.777,-6.991,0.185,0.109,0.000509,0.31,190.054
Luke Bryan,Born Here Live Here Die Here,24TigVMgym0xm5pnyH8i2i,65,0.51,0.74,-5.741,0.0392,0.0684,5.06E-06,0.326,132.213
Niall Horan,No Judgement - Acoustic,6HYhDjnr3DdbiNXlFCTnHG,44,0.516,0.487,-4.539,0.0367,0.808,0,0.702,119.888
Key Glock,Word on the Streets,3jhStgnHgwPGaSyhdHuT1Z,64,0.886,0.646,-7.288,0.328,0.0266,3.76E-05,0.798,148.119
Selena Gomez,People You Know,63mdJr3NMY3wReOkNE6c6W,71,0.695,0.62,-8.082,0.0521,0.0881,5.43E-05,0.62,150.032
Cheat Codes,"No Service In The Hills (feat. Trippie Redd, Blackbear, PRINCE$$ ROSIE)",0CmoisdB4maBgLV5MajnL4,67,0.542,0.739,-4.857,0.0395,0.00445,0,0.338,156.074
Becky Hill,Losing,1L7lPrFbj33FhpJnImLG6R,0,0.404,0.913,-6.212,0.264,0.00055,2.44E-06,0.356,213.91
Pop Smoke,Christopher Walking,2IT0T0EqPaUxasjl2o8J2G,68,0.773,0.744,-5.108,0.244,0.0114,0,0.764,141.004
Jessie Reyez,LOVE IN THE DARK,6WrHKidpEVkYKX3vSQhBgL,70,0.511,0.333,-8.176,0.0266,0.801,6.06E-05,0.265,101.732
Little Big Town,Next To You,4drTFbY9KJIvllrqVcJvLi,65,0.53,0.394,-8.152,0.0276,0.756,1.48E-05,0.194,135.981
Eminem,Alfred - Outro,1WAwILvz37MkmZfmGnEXfg,70,0.476,0.237,-14.514,0.0486,0.177,0,0.0387,106.972
Alan Walker,"Alone, Pt. II - Toby Romeo Remix",3sbDomF1E8VXhAzw3vHWcJ,61,0.746,0.856,-4.961,0.209,0.373,0,0.314,119.049
Sebastian Yatra,TBT,4s45VgkknMFkdiGoUcjxQU,79,0.794,0.855,-1.959,0.0466,0.0362,0,0.639,91.963
Grimes,You'll miss me when I'm not around,5CCI3yvULsQRQacPgQ1NCO,67,0.606,0.857,-2.915,0.0301,0.344,0.000902,0.825,98.057
2 Chainz,Dead Man Walking (feat. Future),35Ycb1cMPK6tyNMsTepijg,66,0.848,0.717,-5.401,0.14,0.0413,0,0.572,150.067
Ant Saunders,Yellow Hearts (feat. Audrey Mika),3oVGjguICRU4UVS1ZPwH2D,67,0.816,0.401,-8.041,0.22,0.464,0,0.678,129.041
Lennon Stella,Golf On TV feat. JP Saxe,5xROgo35i9a9IbQgN56Clz,69,0.565,0.548,-8.376,0.18,0.4,0,0.159,104.892
Selena Gomez,Cut You Off,4OtHGdb0KqEbaWb6edUnR9,69,0.855,0.294,-8.676,0.286,0.3,9.22E-05,0.842,139.745
Kelsea Ballerini,la,3KGqDJ2UAvdE8prNhwh3NK,44,0.632,0.53,-6.675,0.0465,0.228,0,0.369,80.127
NCT 127,Kick It,1ayaOin9hxCtyhg4UsBTpg,67,0.681,0.847,-2.462,0.0869,0.0306,0,0.507,167.031
Kelsea Ballerini,club,42e3Qgls5XSenPz4zhth35,44,0.498,0.717,-6.83,0.0392,0.0259,0,0.551,168.132
Natti Natasha,Despacio,203uubEQA07to1kbro35qQ,76,0.782,0.644,-3.929,0.0809,0.585,0,0.695,93.013
Alejandro Fernandez,Sé Que Te Duele,09kL55tBHtZLDQ7VFoqWlE,0,0.69,0.875,-4.282,0.0746,0.219,0,0.793,94.963
All Time Low,Some Kind Of Disaster,0aZfKmSAMSZweDTNKd9UPo,67,0.55,0.837,-5.411,0.044,0.0104,0,0.637,89.821
Denzel Curry,Lay_Up.m4a,1HqoCOBHlnI9Snfk36jiTZ,66,0.742,0.733,-6.395,0.35,0.0951,0,0.736,147.774
Quinn XCII,Two 10s,1yaWRS9r2woTNmJpCKd5l9,64,0.785,0.412,-8.121,0.25,0.696,1.45E-05,0.513,143.099
Alan Walker,"Alone, Pt. II - Mio Remix",5rCsmFXTCRApbq2btnL0bJ,45,0.567,0.766,-3.266,0.0811,0.291,0,0.437,87.933
Galantis,Never Felt A Love Like This (with Hook N Sling) [feat. Dotan],1mMvahhW2Oz9waG8UTQnI4,70,0.579,0.804,-4.618,0.028,0.0304,0.00359,0.137,126.007
Alan Walker,"Alone, Pt. II - Alex Skrindo & Sebastian Wibe Remix",4YSAshPqdkQfnDujTttkeD,41,0.467,0.808,-7.25,0.0582,0.00466,0.00119,0.0863,125.902
Alan Walker,"Alone, Pt. II - NIVIRO Remix",6BOkILtNYfNOeWvvP8vc2X,41,0.506,0.754,-8.517,0.299,0.0258,0.000276,0.169,127.959
Alan Walker,"Alone, Pt. II - Rugged Remix",7qDv2ln9WwsN5Is34EGBzA,41,0.713,0.602,-5.515,0.0792,0.177,0,0.831,140.04
Yung Pinch,Beach Ballin' (feat. blackbear),0W9E3s2G4szLUwXsE17x5E,66,0.689,0.586,-6.522,0.141,0.0643,0,0.49,160.037
Moneybagg Yo,Speak 4 Em,6BfJ1k7cPUqq7k9QsMBb19,62,0.923,0.69,-6.457,0.317,0.012,4.16E-06,0.749,137.101
R3HAB,Wrong Move - Acoustic,08f3pGhJCEGSu3pZuGCONU,59,0.594,0.335,-10.43,0.0342,0.656,0,0.247,117.092
Piso 21,Dulcecitos (feat. Zion & Lennox),3UZ8b8lAZiaqqH6ggZqxCR,76,0.869,0.781,-3.082,0.178,0.45,0.000163,0.618,97.957
Pop Smoke,Like Me (with PnB Rock),7knEYd7b0UcbjgChHX7QBq,66,0.61,0.61,-5.981,0.406,0.399,0,0.555,120.47
Olivia O'Brien,Josslyn,0UhKDHeZw2kHOz9HiRNFBH,65,0.331,0.769,-4.5,0.166,0.0121,0,0.376,83.061
Key Glock,Look At They Face,5Otd4NFsyhjFKLkYgivIY8,63,0.852,0.656,-6.737,0.377,0.000881,0,0.838,168.002
Luis Fonsi,No Me Doy Por Vencido,0wlLZlcJmbHLNOwoCIBTws,0,0.329,0.557,-8.75,0.0716,0.345,0,0.447,173.051
Luis Fonsi,Llegaste Tú,46qe7gq4uIJQJupyBI2Jqo,0,0.756,0.527,-6.758,0.0402,0.796,0,0.512,119.965
Tainy,MERA (with Dalex & Álvaro Díaz),3mr13zNWprAzYYY0RinBCp,73,0.539,0.685,-7.26,0.126,0.0115,4.82E-06,0.298,194.114
Yung Gravy,Off The Goop,7mkwOQWC3nFMSONA8ajViu,65,0.754,0.548,-8.441,0.415,0.127,0,0.538,170.055
Carly Pearce,Finish Your Sentences,2rhnO6nvKeuC8nSReRCXm2,63,0.573,0.654,-4.697,0.0323,0.173,0,0.582,124.111
Benny Soliven,Put You On,6mmPUgWwHoCgXlw6OI2gjt,62,0.779,0.695,-6.289,0.0871,0.154,9.28E-05,0.397,100.029
Christina Aguilera,"Loyal Brave True - From ""Mulan""",3gy8PSkBSyvPyWZazgQn0F,60,0.59,0.388,-9.288,0.033,0.603,0,0.506,142.961
Moneybagg Yo,Federal Fed (feat. Future),7hpCaD1ILnO9GoMQvj5oWI,62,0.796,0.644,-5.945,0.175,0.00881,0,0.242,138.04
John Legend,Conversations in the Dark - John Legend vs. David Guetta,20d27F17AZOxTJOEHAVK2Y,70,0.572,0.742,-4.589,0.0347,0.245,0,0.376,127.19
Younha,WINTER FLOWER(Feat.RM),4Eefey3uN90Abhbr47zKmC,72,0.564,0.796,-3.698,0.0737,0.118,0,0.241,95.946
REASON,Show Stop,779bZ6dEbYnVU7gMmEtgFP,64,0.76,0.674,-6.392,0.0402,0.0546,0.0026,0.461,129.944
Matheus & Kauan,A Rosa E O Beija Flor - Live,0kQKcJHzmv4P9EeRQFFV41,6,0.499,0.91,-2.873,0.106,0.606,0,0.547,165.744
Matheus & Kauan,O Nosso Santo Bateu - Na Praia / Ao Vivo,5Y8jJynBBV7uREViFHNwOl,5,0.479,0.736,-4.581,0.127,0.22,0,0.405,141.89
Matheus & Kauan,Mágica - Ao Vivo,0r3hAFToa71WzSOU61h4ds,0,0.568,0.698,-5.438,0.0727,0.629,0,0.534,121.663
Matheus & Kauan,Tô Com Moral No Céu! - Ao Vivo,1sZptvdTvq9vRgudAvTzg4,0,0.343,0.802,-3.768,0.119,0.502,0,0.731,80.254
Anne-Marie,Birthday (Don Diablo Remix),2ma9sb3dD3JO1zfQFKFHlK,55,0.649,0.935,-3.157,0.122,0.0908,0,0.661,123.961
Matheus & Kauan,Ao Vivo E A Cores,3LTRmzvPUs9MTEJZXnmSge,0,0.661,0.526,-6.018,0.0347,0.0103,0,0.43,134.981
Louis The Child,Don't Mind,3CLPi4sGroGACxMrzzHUi0,64,0.803,0.857,-3.506,0.0986,0.136,3.70E-06,0.598,123.031
Whethan,Upside Down (feat. Grouplove),5SRbCgZtJwjql6ITCrRmeV,61,0.51,0.75,-5.956,0.0785,0.00962,0.0016,0.343,164.98
Big Havi,9 Times Out Of 10 (feat. Lil Baby),6WsC3pIrnLybHoLR5IGSkE,65,0.782,0.604,-4.45,0.25,0.542,0,0.255,149.068
Russ,NEED A MINUTE,7o4uJWYedySmbObBamfW9E,66,0.777,0.541,-6.433,0.168,0.0433,0,0.167,81.946
Charlotte Lawrence,Joke's On You,2D0FX6WiP1GKGL3yCdXxs7,70,0.476,0.652,-4.546,0.104,0.23,0,0.47,190.118
Fetty Wap,Reasons,0hgMdo7KaYJwGGmigSrF4b,64,0.75,0.843,-4.282,0.2,0.172,0,0.885,149.023
Disturbed,Hold on to Memories,063l7zGPa1mOOirw9pqbrC,48,0.555,0.64,-5.436,0.0252,0.00696,0,0.485,149.924
X Ambassadors,"Great Unknown - From The Motion Picture “The Call Of The Wild""",4u2uQ7G1nzZJ7yHA6Dzg7z,68,0.579,0.832,-5.635,0.0535,0.119,4.31E-06,0.337,95.094
Natanael Cano,Seca Tus Lagrimas,54JxxJ2KW8nCeb6ZnroLA0,67,0.66,0.722,-6.489,0.0341,0.128,0,0.6,92.605
Disturbed,Hold on to Memories - Live,3WzLr3r2b1DnBeg4IJhpfj,47,0.21,0.776,-5.775,0.0366,0.116,0,0.262,150.008
T.R.U.,Virgil Discount,5jiJXFYMQpBfPr4N1Z46oI,64,0.895,0.735,-5.331,0.291,0.402,0.00927,0.668,118.036
Chief Keef,Ignorant,3VCUet8HXqHIrIr8elCPkJ,44,0.743,0.712,-9.092,0.204,0.161,0,0.802,139.996
Olivier Mournier,Pour tous les cœurs du monde,54UQ3Jzm53YkAHpj3BGOQa,69,0.258,0.0356,-23.568,0.0408,0.995,0.904,0.282,68.714
Lauren Alaina,Somebody Else's Problem,2o8vIFp0DcTPkqy1xWFgF2,46,0.685,0.717,-6.108,0.0285,0.152,0,0.902,87.981
Denzel Curry,Pyro (leak 2019),4hgS8ANdhHy2G7XtyVqLDw,65,0.701,0.736,-5.178,0.369,0.195,0,0.919,86.426
Mabel,Boyfriend,7mtxlSJQej3cCBXySgEjlY,75,0.799,0.847,-3.022,0.0541,0.0597,0,0.67,99.991
ATEEZ,Answer,3IdPtyJHB1WVPM4eCiCAKM,71,0.565,0.903,-1.918,0.05,0.0746,0,0.538,97.967
Avenged Sevenfold,Critical Acclaim - Live,1YQwSXwOyiHsDhuHK4qwef,39,0.422,0.955,-7.368,0.133,6.86E-05,6.87E-05,0.112,137.998
Avenged Sevenfold,Second Heartbeat - Live,1OCJTJmvLswgUFmWGyAfMB,39,0.338,0.978,-7.411,0.0946,1.50E-05,0.0103,0.117,96.838
Yella Beezy,Keep It In The Streets,3ZLik8p5hVdpmYK7PeGlnp,64,0.695,0.351,-15.479,0.497,0.487,0,0.684,75.02
ITZY,WANNABE,6tCssnvTUREcperDOUTqvA,73,0.809,0.911,-4.41,0.0617,0.00795,0.000179,0.64,122.035
Avenged Sevenfold,Afterlife - Live,4A8maWsDAZ51QngVy9tU4S,39,0.469,0.933,-8.278,0.119,6.14E-05,4.66E-05,0.23,110.03
Chief Keef,OFF WIT HIS HEAD,5MIXDAzUQkSr5OMB2Fy8RC,41,0.809,0.228,-19.75,0.626,0.0902,0,0.336,138.046
Chief Keef,Don't Wanna Be U,6nOzKbHqYMiaAozQSXd3ZG,41,0.539,0.517,-5.809,0.0554,0.0224,0,0.178,130.198
Juanes,Mala Gente,6tRZt8RhXrBcmj8BEMhVdw,0,0.669,0.848,-3.035,0.0471,0.0916,0,0.923,95.013
Juanes,Para Tu Amor,73xLL9XzspUKlBNWP6pJHq,0,0.608,0.502,-7.561,0.0243,0.42,0,0.527,94.993
Chief Keef,Crazy,0FztCNLgcztn8367WVmYQU,41,0.384,0.636,-7.371,0.0862,0.0809,0,0.175,134.863
Brent Faiyaz,Skyline,7Jayh7T1793wFTGOWD4BNw,63,0.339,0.329,-11.323,0.121,0.803,0.000383,0.0622,87.362
Chief Keef,4ever,1qge6WjUL6pvi3NRvgQoIV,40,0.496,0.811,-5.922,0.131,0.247,0,0.518,129.945
$NOT,PRESSURE,64Z06MpbtmhbOWFCyF2wCh,58,0.752,0.64,-7.638,0.185,0.0475,0,0.636,120.954
Selena Gomez,Kinda Crazy,59iGOjPSOcPLGl3vqEStUp,69,0.691,0.446,-10.304,0.0472,0.484,0.00495,0.534,93.03
Chief Keef,CUSSIN,6Jz5DCSmnBusD2p8NWfeUf,39,0.683,0.476,-9.755,0.197,0.0833,0,0.326,136.031
Denzel Curry,So.Incredible.pkg,10qp2g1jvHn79HiDUsaAb1,65,0.599,0.851,-6.279,0.45,0.203,0,0.787,87.285
Lauren Alaina,Ladies In The '90s,0pzZRSK8ghfbNG1DGSjQc7,43,0.644,0.882,-3.146,0.0643,0.0414,0,0.55,99.861
Lauren Alaina,The Other Side,0u47RBjcX1Vz1Cj65ciJY6,42,0.5,0.672,-4.755,0.031,0.207,0,0.187,75.067
Chief Keef,In It,3ySjLi54DlYdMH7AV0nLC7,39,0.623,0.486,-9.822,0.0387,0.00496,0,0.157,121.015
Chief Keef,Tomorrow,0SUaj25Ps418xlIkthG7SG,39,0.552,0.63,-5.639,0.0996,0.151,0,0.493,129.261
Chief Keef,Raw,7u5a6IVd4uHNzTcXVMEYRA,38,0.582,0.759,-3.743,0.088,0.534,0,0.277,129.947
Chief Keef,NASCAR,4Jpi8V2CQdQjzpni8DbfYU,38,0.76,0.905,-4.535,0.103,0.133,0,0.643,116.083
Robin Schulz,In Your Eyes (feat. Alida),61ZM92T2zaXIVsqncThQzC,83,0.57,0.672,-5.89,0.0723,0.177,0,0.448,120.019
Quando Rondo,Groupie Bitches,2PSQlpJ1bVal5astIfM9oH,39,0.726,0.616,-9.074,0.363,0.11,0,0.823,161.983
Reik,Si Me Dices Que Sí,56Ta1O7Jxxpjnc6cWdDKUo,77,0.574,0.634,-5.979,0.333,0.00473,0,0.214,183.871
Ava Max,Salt,1Aw1XAceFHTb0rNpeoAcBl,0,0.693,0.835,-3.242,0.0623,0.131,0,0.743,128.052
Ava Max,Kings & Queens,76nqCfJOcFFWBJN32PAksn,0,0.638,0.688,-4.056,0.0407,0.00775,0,0.434,129.856
Stunna 4 Vegas,R & BEEF,0eqrOa61aj6sLzs7xWoyhU,62,0.775,0.8,-6.509,0.375,0.121,0,0.686,137.08
The Notorious B.I.G.,One More Chance - Hip Hop Radio Edit,06o5sh1m0l9bL7XXdBM7OY,0,0.893,0.856,-3.824,0.214,0.618,0,0.73,90.946
The Notorious B.I.G.,Hypnotize,08Wt91MhxPZOhvMqTFxjEr,0,0.901,0.697,-3.439,0.28,0.145,0,0.67,93.941
The Notorious B.I.G.,One More Chance,0eofvmlyM7MciDl4JTPHXh,0,0.918,0.815,-6.17,0.178,0.6,3.03E-06,0.751,90.921
The Notorious B.I.G.,Juicy,1W8W05CKV4K3OBky6Uhgib,0,0.889,0.818,-4.639,0.253,0.473,0,0.777,96.063
The Notorious B.I.G.,Everyday Struggle,3HQQxFC0uRtxcu1twhX0aH,0,0.93,0.711,-5.285,0.275,0.166,1.61E-05,0.482,96.052
The Notorious B.I.G.,Big Poppa,3tvQfgOy3gr2Y3Zk1iG3Qq,0,0.765,0.671,-5.249,0.278,0.344,0,0.798,84.5
The Notorious B.I.G.,Juicy - Remix,4cABhjVlL6IMxMRvlFJVAY,0,0.845,0.707,-5.186,0.238,0.131,0.00374,0.662,95.592
The Notorious B.I.G.,Long Kiss Goodnight,5Pn8dOgXzBzbRAH68YyoWs,0,0.479,0.892,-4.952,0.428,0.0962,0,0.348,171.397
Gracie Abrams,21,2D2lazsae9o1UoVPUAdxyT,68,0.756,0.673,-6.336,0.0899,0.516,0,0.402,125.055
Cash Cash,I Found You,3wYOGJYD31sLRmBgCvWxa4,65,0.646,0.761,-2.557,0.0385,0.0714,0,0.472,129.916
Brent Faiyaz,Lost Kids Get Money,47y5boKoOnJoSpBpPEZvhz,63,0.733,0.613,-6.366,0.0562,0.086,0.00122,0.577,150.516
X Ambassadors,Everything Sounds Like A Love Song,0TPsp6jaQHOcgL8bYUt4AT,48,0.553,0.442,-4.381,0.0296,0.531,0,0.384,127.968
Trippie Redd,Amazinggg,1FuhzmVcZLhBndet14H7yb,63,0.763,0.644,-5.562,0.0771,0.0514,0,0.559,134.003
Jack Johnson,Good People,4KYw6eDEYypq5X9D9tBwAY,0,0.819,0.592,-6.022,0.0287,0.221,2.93E-05,0.907,88.002
Jack Johnson,"Sitting, Waiting, Wishing",52OqATr9YiRbTH5pi7qpTc,0,0.767,0.549,-6.617,0.0273,0.282,4.75E-05,0.6,105.022
Tove Lo,Bikini Porn,2jUoKSWTHduXxUL3JomwhB,70,0.919,0.687,-5.793,0.0774,0.0839,1.10E-05,0.675,100.997
Alesso,One Last Time,17kleFbwU5STT8AiR1EXOT,63,0.566,0.909,-7.281,0.054,0.004,0.0932,0.382,127.037
Kash Doll,Wake Up,6HO4wU2ZpT6itf5y7lt1Ol,60,0.88,0.464,-7.213,0.392,0.00454,0.000695,0.624,153.871
Elevation Worship,Graves Into Gardens (Live) (feat. Brandon Lake),0pNizrRmvu5S16fH6ccm0v,0,0.286,0.769,-6.353,0.0539,0.00345,0,0.128,139.442
Natanael Cano,No Soy Lo Que Piensas,6YviOFfwGAS5ZFLaWiVXNo,64,0.803,0.578,-6.444,0.0316,0.312,2.27E-06,0.584,95.083
Olivia Belli,Silent Dusk,0IjOLaGtgjYKC5MOxEhEel,67,0.319,0.0303,-30.382,0.0396,0.995,0.909,0.067,144.044
Trippie Redd,Even Steven,5E6ybeNLuVedmvD6WVMKY7,62,0.675,0.477,-4.856,0.28,0.049,0,0.193,162.972
Musical Steeze,Hear Me Out,5Izb6gQ8GRvZdPReLcBtxL,61,0.835,0.636,-3.925,0.259,0.44,0,0.469,123.016
Ludovico Einaudi,Uno,2hM7bGH1D8GqMXbK5JwYEp,3,0.313,0.00461,-32.159,0.0406,0.995,0.913,0.0377,179.149
Ludovico Einaudi,Nuvole Nere,134Vh6CCWrTP5Y56FGVlGK,1,0.124,0.0656,-22.675,0.0573,0.967,0.928,0.0389,100.733
Chelsea Cutler,I Was In Heaven,5lvGoKl7dbjEXIi1E0tfL8,65,0.329,0.307,-10.628,0.0296,0.783,1.67E-05,0.179,79.278
Denzel Curry,Track07,17Xxp5dtS4GmdGjNZNb5Gk,64,0.609,0.623,-7.865,0.089,0.00856,0.0514,0.369,93.929
T3R Elemento,Jalo y Exhalo,5STfIC4lCW6Q3jYbr6L77n,57,0.683,0.651,-5.699,0.0291,0.502,0,0.462,94.576
Asking Alexandria,They Don't Want What We Want (And They Don't Care),4mRjkI6oIwbSCACGICcZKr,65,0.557,0.902,-4.521,0.045,0.000282,0.00246,0.571,160.073
Russ,I THOUGHT YOU GOT ME (feat. Benny The Butcher),73LgPgGhYMHNavdtZ7gW9e,64,0.703,0.36,-8.527,0.234,0.338,0,0.578,90.027
San Holo,Honest,1k3J7o5b0tDUzbllLycVUJ,64,0.45,0.771,-4.588,0.106,0.433,0,0.41,150.024
Chris Renzema,Springtime,3u3wIwedK7lT55qBqZ1M1s,62,0.292,0.355,-7.225,0.0294,0.541,0,0.158,71.041
Natanael Cano,El Capitan,5dxoI7r19Bwb6U57iTnpxk,64,0.749,0.758,-6.492,0.0634,0.159,0,0.742,112.428
Pearl Jam,Dance Of The Clairvoyants,3Y1q37A7ecFEdR5IAMWodA,69,0.741,0.711,-7.744,0.0416,0.0122,0.000696,0.649,113.971
Rebecca Leonard,Incandescence,4FpFfqoAlmkykj4E7nIhsZ,67,0.332,0.0535,-23.353,0.0676,0.993,0.947,0.185,52.158
Meek Mill,Uptown II (feat. Farruko),5e5udqXLbBhKIjakhZQbt6,66,0.775,0.794,-3.875,0.0539,0.00621,0,0.25,99.04
tobi lou,hot tub DREAM Machine,1SWg0LGSxwbD3pyLfW0z5H,60,0.677,0.526,-8.245,0.0361,0.264,2.77E-06,0.467,140.082
Dance Gavin Dance,Strawberry's Wake,6U9ZO3dHvGQjTzjVWN4ypI,0,0.604,0.955,-4.187,0.0754,0.0281,0,0.556,130.025
Adelmar Borrego,"Twinkle, Twinkle, Little Star",147gCksvDRmjG1pO51ZCcf,65,0.443,0.0248,-25.351,0.0622,0.996,0.967,0.52,68.123
Wolfgang Amadeus Mozart,"Symphony No. 40 in G Minor, K. 550: I. Molto allegro",2fC30Rt5tFa6FA2jNb4fiz,39,0.326,0.33,-12.967,0.0406,0.871,0.749,0.293,118.668
Carly Rae Jepsen,Let's Be Friends,6tcjcJFRSdkIlThUUP39mJ,63,0.842,0.639,-5.595,0.0594,0.292,0.000101,0.904,134.978
Nea,Some Say - Felix Jaehn Remix,7C1trmcQQ5n5RNy4l6ziCv,76,0.682,0.7,-5.591,0.0397,0.406,0,0.637,120.03
Pop Smoke,Dior - Bonus,6BKMS3GOCJRCO3l4TlqJrF,62,0.742,0.798,-5.932,0.309,0.206,0.000489,0.682,142.004
Melim,Ouvi Dizer,0CNwq5kKPVCh5x9PRQm9QR,0,0.654,0.613,-7.667,0.0541,0.0778,0,0.706,81.059
Doja Cat,Say So (Jax Jones Midnight Snack Remix),7qrO2oI0A9DW6wQPjSADxx,63,0.798,0.51,-10.074,0.064,0.448,0.00312,0.401,121.923
